mapmaker_id,first_ed_map,country,city,date
68,1,Austria,Salzburg,1551
7,1,Austria,Vienna,1520
49,455,Austria,Vienna,1545?
40,4,Austria,Vienna,1546
40,6,Austria,Vienna,1547
40,7,Austria,Vienna,1547
49,7,Austria,Vienna,1556
49,11,Austria,Vienna,1558
49,12,Austria,Vienna,1558
49,14,Austria,Vienna,1558
49,15,Austria,Vienna,by 1561
49,16,Austria,Vienna,by 1561
49,17,Austria,Vienna,by 1561
49,18,Austria,Vienna,by 1561
49,19,Austria,Vienna,by 1561
49,20,Austria,Vienna,by 1561
49,21,Austria,Vienna,by 1561
49,22,Austria,Vienna,by 1561
49,23,Austria,Vienna,by 1561
49,24,Austria,Vienna,by 1561
49,25,Austria,Vienna,by 1561
49,26,Austria,Vienna,by 1561
65,1,Austria,Vienna,1566
65,2,Austria,Vienna,1566
65,3,Austria,Vienna,1571
42,1,Belgium,Antwerp,1526
6,8,Belgium,Antwerp,1543
29,8,Belgium,Antwerp,1544
46,1,Belgium,Antwerp,1544
36,1,Belgium,Antwerp,1549
30,77,Belgium,Antwerp,1555
12,21,Belgium,Antwerp,1556
12,20,Belgium,Antwerp,1556
12,22,Belgium,Antwerp,1557
11,1,Belgium,Antwerp,1559
69,1,Belgium,Antwerp,1560
37,2,Belgium,Antwerp,1562
1,1,Belgium,Antwerp,1564
1,2,Belgium,Antwerp,1565
1,4,Belgium,Antwerp,1567
1,5,Belgium,Antwerp,1568
48,2,Belgium,Antwerp,1568
1,6,Belgium,Antwerp,1570
1,7,Belgium,Antwerp,1570
1,8,Belgium,Antwerp,1570
1,9,Belgium,Antwerp,1570
1,10,Belgium,Antwerp,1570
1,11,Belgium,Antwerp,1570
1,12,Belgium,Antwerp,1570
1,13,Belgium,Antwerp,1570
1,14,Belgium,Antwerp,1570
1,15,Belgium,Antwerp,1570
1,16,Belgium,Antwerp,1570
1,17,Belgium,Antwerp,1570
1,18,Belgium,Antwerp,1570
1,19,Belgium,Antwerp,1570
1,20,Belgium,Antwerp,1570
1,21,Belgium,Antwerp,1570
1,22,Belgium,Antwerp,1570
1,23,Belgium,Antwerp,1570
1,24,Belgium,Antwerp,1570
1,25,Belgium,Antwerp,1570
1,26,Belgium,Antwerp,1570
1,27,Belgium,Antwerp,1570
1,28,Belgium,Antwerp,1570
1,29,Belgium,Antwerp,1570
1,30,Belgium,Antwerp,1570
1,31,Belgium,Antwerp,1570
1,32,Belgium,Antwerp,1570
1,33,Belgium,Antwerp,1570
1,34,Belgium,Antwerp,1570
1,35,Belgium,Antwerp,1570
1,36,Belgium,Antwerp,1570
1,37,Belgium,Antwerp,1570
1,38,Belgium,Antwerp,1570
1,39,Belgium,Antwerp,1570
1,40,Belgium,Antwerp,1570
1,41,Belgium,Antwerp,1570
1,42,Belgium,Antwerp,1570
1,43,Belgium,Antwerp,1570
1,44,Belgium,Antwerp,1570
1,45,Belgium,Antwerp,1570
1,46,Belgium,Antwerp,1570
1,47,Belgium,Antwerp,1570
1,48,Belgium,Antwerp,1570
1,49,Belgium,Antwerp,1570
1,50,Belgium,Antwerp,1570
1,51,Belgium,Antwerp,1570
1,52,Belgium,Antwerp,1570
1,53,Belgium,Antwerp,1570
1,54,Belgium,Antwerp,1570
1,55,Belgium,Antwerp,1570
1,56,Belgium,Antwerp,1570
1,57,Belgium,Antwerp,1570
1,58,Belgium,Antwerp,1570
1,59,Belgium,Antwerp,1570
1,60,Belgium,Antwerp,1570
1,61,Belgium,Antwerp,1570
1,62,Belgium,Antwerp,1570
1,63,Belgium,Antwerp,1570
1,64,Belgium,Antwerp,1570
1,65,Belgium,Antwerp,1570
1,66,Belgium,Antwerp,1570
1,67,Belgium,Antwerp,1570
1,68,Belgium,Antwerp,1570
1,69,Belgium,Antwerp,1570
1,70,Belgium,Antwerp,1570
1,71,Belgium,Antwerp,1570
1,72,Belgium,Antwerp,1570
1,73,Belgium,Antwerp,1570
1,74,Belgium,Antwerp,1570
1,75,Belgium,Antwerp,1570
54,11,Belgium,Antwerp,1570
60,11,Belgium,Antwerp,1570
79,55,Belgium,Antwerp,1570
1,77,Belgium,Antwerp,1571
56,38,Belgium,Antwerp,1572
1,78,Belgium,Antwerp,1573
1,79,Belgium,Antwerp,1573
1,80,Belgium,Antwerp,1573
1,81,Belgium,Antwerp,1573
1,82,Belgium,Antwerp,1573
1,83,Belgium,Antwerp,1573
1,84,Belgium,Antwerp,1573
1,85,Belgium,Antwerp,1573
1,86,Belgium,Antwerp,1573
1,87,Belgium,Antwerp,1573
1,88,Belgium,Antwerp,1573
1,89,Belgium,Antwerp,1573
1,90,Belgium,Antwerp,1573
1,91,Belgium,Antwerp,1573
1,92,Belgium,Antwerp,1573
1,93,Belgium,Antwerp,1573
1,94,Belgium,Antwerp,1573
1,95,Belgium,Antwerp,1573
1,96,Belgium,Antwerp,1573
1,97,Belgium,Antwerp,1573
1,98,Belgium,Antwerp,1573
1,99,Belgium,Antwerp,1573
1,100,Belgium,Antwerp,1573
1,101,Belgium,Antwerp,1573
1,102,Belgium,Antwerp,1573
1,103,Belgium,Antwerp,1573
1,104,Belgium,Antwerp,1573
1,105,Belgium,Antwerp,1573
49,76,Belgium,Antwerp,1578
70,17,Belgium,Antwerp,1578
70,18,Belgium,Antwerp,1578
1,106,Belgium,Antwerp,1579
1,107,Belgium,Antwerp,1579
1,108,Belgium,Antwerp,1579
1,109,Belgium,Antwerp,1579
1,110,Belgium,Antwerp,1579
1,111,Belgium,Antwerp,1579
1,112,Belgium,Antwerp,1579
1,113,Belgium,Antwerp,1579
1,114,Belgium,Antwerp,1579
1,115,Belgium,Antwerp,1579
1,116,Belgium,Antwerp,1579
1,117,Belgium,Antwerp,1579
1,118,Belgium,Antwerp,1579
1,119,Belgium,Antwerp,1579
1,120,Belgium,Antwerp,1579
1,121,Belgium,Antwerp,1579
1,122,Belgium,Antwerp,1579
1,123,Belgium,Antwerp,1579
1,124,Belgium,Antwerp,1579
1,125,Belgium,Antwerp,1579
1,126,Belgium,Antwerp,1579
1,127,Belgium,Antwerp,1579
1,128,Belgium,Antwerp,1579
1,129,Belgium,Antwerp,1579
1,130,Belgium,Antwerp,1579
1,131,Belgium,Antwerp,1579
1,132,Belgium,Antwerp,1584
1,133,Belgium,Antwerp,1584
1,134,Belgium,Antwerp,1584
1,135,Belgium,Antwerp,1584
1,136,Belgium,Antwerp,1584
1,137,Belgium,Antwerp,1584
1,138,Belgium,Antwerp,1584
1,139,Belgium,Antwerp,1584
1,140,Belgium,Antwerp,1584
1,141,Belgium,Antwerp,1584
1,142,Belgium,Antwerp,1584
1,143,Belgium,Antwerp,1584
1,144,Belgium,Antwerp,1584
1,145,Belgium,Antwerp,1584
1,146,Belgium,Antwerp,1584
1,147,Belgium,Antwerp,1584
1,148,Belgium,Antwerp,1584
1,149,Belgium,Antwerp,1584
1,150,Belgium,Antwerp,1584
1,151,Belgium,Antwerp,1584
1,152,Belgium,Antwerp,1584
1,153,Belgium,Antwerp,1584
1,154,Belgium,Antwerp,1584
1,155,Belgium,Antwerp,1584
1,156,Belgium,Antwerp,1584
1,157,Belgium,Antwerp,1584
1,158,Belgium,Antwerp,1584
1,159,Belgium,Antwerp,1584
1,160,Belgium,Antwerp,1584
1,161,Belgium,Antwerp,1584
1,162,Belgium,Antwerp,1584
1,163,Belgium,Antwerp,1584
1,164,Belgium,Antwerp,1587
1,165,Belgium,Antwerp,1587
1,166,Belgium,Antwerp,1587
1,167,Belgium,Antwerp,1587
1,168,Belgium,Antwerp,1587
1,169,Belgium,Antwerp,1587
1,170,Belgium,Antwerp,1587
1,171,Belgium,Antwerp,1587
1,172,Belgium,Antwerp,1587
1,173,Belgium,Antwerp,1587
1,174,Belgium,Antwerp,1587
1,175,Belgium,Antwerp,1587
1,176,Belgium,Antwerp,1587
1,177,Belgium,Antwerp,1587
1,178,Belgium,Antwerp,1587
1,179,Belgium,Antwerp,1587
1,180,Belgium,Antwerp,1587
1,181,Belgium,Antwerp,1587
1,182,Belgium,Antwerp,1587
1,183,Belgium,Antwerp,1587
1,184,Belgium,Antwerp,1587
1,185,Belgium,Antwerp,1587
1,188,Belgium,Antwerp,1595
1,189,Belgium,Antwerp,1595
1,190,Belgium,Antwerp,1595
1,191,Belgium,Antwerp,1595
1,192,Belgium,Antwerp,1595
1,193,Belgium,Antwerp,1595
1,194,Belgium,Antwerp,1595
1,195,Belgium,Antwerp,1595
1,196,Belgium,Antwerp,1595
1,197,Belgium,Antwerp,1595
1,198,Belgium,Antwerp,1595
1,199,Belgium,Antwerp,1595
1,200,Belgium,Antwerp,1595
1,201,Belgium,Antwerp,1595
1,202,Belgium,Antwerp,1595
1,203,Belgium,Antwerp,1595
1,204,Belgium,Antwerp,1595
1,205,Belgium,Antwerp,1595
1,206,Belgium,Antwerp,1595
1,207,Belgium,Antwerp,1595
1,208,Belgium,Antwerp,1595
1,209,Belgium,Antwerp,1595
45,3,Belgium,Antwerp,1595
45,4,Belgium,Antwerp,1595
1,210,Belgium,Antwerp,1595 ог 96
1,219,Belgium,Antwerp,1624
62,1,Belgium,Brussels,1547
29,3,Belgium,Louvain,1537
29,4,Belgium,Louvain,1537
56,3,Belgium,Louvain,1537
56,4,Belgium,Louvain,1538
29,7,Belgium,Louvain,1540
56,6,Belgium,Louvain,1540
56,7,Belgium,Louvain,1541
56,10,Belgium,Louvain,1551
31,2,England,London,1546
31,2,England,London,1555
43,1,England,London,1562
59,1,France,Lyons,1544
59,4,France,Lyons,1554
59,5,France,Lyons,1558
76,1,France,Lyons,1560
76,11,France,Lyons,1561
29,8,France,Lyons,1564
19,1,France,Lyons,1566
27,1,France,Paris,1517
27,3,France,Paris,1525
27,4,France,Paris,1530
61,1,France,Paris,1537
57,3,France,Paris,154057
27,5,France,Paris,1542
27,8,France,Paris,1543
27,2,France,Paris,1545
44,2,France,Paris,1545
12,1,France,Paris,1551
27,11,France,Paris,1551
12,2,France,Paris,1555
12,3,France,Paris,1555
12,4,France,Paris,1555
12,5,France,Paris,1555
12,6,France,Paris,1555
12,7,France,Paris,1555
12,8,France,Paris,1555
12,9,France,Paris,1555
12,10,France,Paris,1555
12,11,France,Paris,1555
12,12,France,Paris,1555
12,13,France,Paris,1555
12,14,France,Paris,1555
12,15,France,Paris,1555
12,16,France,Paris,1555
12,17,France,Paris,1555
12,18,France,Paris,1555
12,19,France,Paris,1555
59,6,France,Paris,1559
44,4,France,Paris,са. 1559-60
29,5,France,Paris,1560
44,5,France,Paris,1560
77,1,France,Paris,1562
77,2,France,Paris,1562
77,3,France,Paris,1563
77,4,France,Paris,1565
77,5,France,Paris,1575
77,6,France,Paris,1575
77,7,France,Paris,1575
77,8,France,Paris,1575
77,9,France,Paris,1575
77,10,France,Paris,1575
77,11,France,Paris,1575
77,12,France,Paris,1575
77,13,France,Paris,1575
77,14,France,Paris,1575
77,15,France,Paris,1575
77,16,France,Paris,1575
77,17,France,Paris,1575
77,18,France,Paris,1575
77,19,France,Paris,1575
77,20,France,Paris,1575
77,21,France,Paris,1575
77,22,France,Paris,1575
77,23,France,Paris,1575
77,24,France,Paris,1575
77,25,France,Paris,1575
77,26,France,Paris,1575
77,27,France,Paris,1575
77,28,France,Paris,1575
77,29,France,Paris,1575
77,30,France,Paris,1575
77,31,France,Paris,1575
77,32,France,Paris,1575
77,33,France,Paris,1575
77,34,France,Paris,1575
77,35,France,Paris,1575
77,36,France,Paris,1575
77,37,France,Paris,1575
77,38,France,Paris,1575
77,39,France,Paris,1575
29,5,France,Paris,1576
77,40,France,Paris,1576
77,33,France,Paris,1581
59,18,France,Paris,1583
77,0,France,Paris,1583
77,46,France,Paris,1586
77,52,France,Paris,1586
77,54,France,Paris,1586
77,62,France,Paris,1586
77,77,France,Paris,1586
77,80,France,Paris,1586
77,85,France,Paris,1586
77,87,France,Paris,1586
77,95,France,Paris,1586
77,102,France,Paris,1586
77,103,France,Paris,1586
77,106,France,Paris,1586
77,113,France,Paris,1586
77,120,France,Paris,1586
77,123,France,Paris,1586
77 ,128,France,Paris,1586
77 ,129,France,Paris,1586
77 ,130,France,Paris,1586
77 ,131,France,Paris,1586
77 ,132,France,Paris,1586
77 ,133,France,Paris,1586
77,135,France,Paris,1586
77,136,France,Paris,1586
77,138,France,Paris,1586
77,139,France,Paris,1586
77,140,France,Paris,1586
77,142,France,Paris,1586
77,143,France,Paris,1586
77,148,France,Paris,1586
77,152,France,Paris,1586
77,154,France,Paris,1586
77,156,France,Paris,1586
77,158,France,Paris,1586
77,159,France,Paris,1586
77,160,France,Paris,1586
77,163,France,Paris,1586
77,164,France,Paris,1586
77,169,France,Paris,1586
77,175,France,Paris,1586
77,176,France,Paris,1586
77,177,France,Paris,1586
77,181,France,Paris,1586
77,182,France,Paris,1586
77 ,185,France,Paris,1586
77 ,186,France,Paris,1586
77,190,France,Paris,1586
77,197,France,Paris,1586
77,201,France,Paris,1586
77,202,France,Paris,1586
77 ,208,France,Paris,1586
77 ,209,France,Paris,1586
77 ,210,France,Paris,1586
77,212,France,Paris,1586
80,1,France,St. Die,1507
80,2,France,St. Die,1507
80,3,France,Strasbourg,1508
80,4,France,Strasbourg,1511
80,5,France,Strasbourg,1513
80,6,France,Strasbourg,1513
80,7,France,Strasbourg,1513
80,8,France,Strasbourg,1513
80,9,France,Strasbourg,1513
80,10,France,Strasbourg,1513
80,11,France,Strasbourg,1513
80,12,France,Strasbourg,1513
80,13,France,Strasbourg,1513
80,14,France,Strasbourg,1513
80,15,France,Strasbourg,1513
80,16,France,Strasbourg,1513
80,17,France,Strasbourg,1513
80,18,France,Strasbourg,1513
80,19,France,Strasbourg,1513
80,20,France,Strasbourg,1513
80,21,France,Strasbourg,1513
80,22,France,Strasbourg,1513
80,23,France,Strasbourg,1513
80,24,France,Strasbourg,1513
80,25,France,Strasbourg,1513
80,26,France,Strasbourg,1513
80,27,France,Strasbourg,1513
80,28,France,Strasbourg,1513
80,29,France,Strasbourg,1513
80,30,France,Strasbourg,1513
80,31,France,Strasbourg,1513
80,32,France,Strasbourg,1513
80,33,France,Strasbourg,1513
80,34,France,Strasbourg,1513
80,35,France,Strasbourg,1513
80,36,France,Strasbourg,1513
80,37,France,Strasbourg,1513
80,38,France,Strasbourg,1513
80,39,France,Strasbourg,1513
80,40,France,Strasbourg,1513
80,41,France,Strasbourg,1513
80,42,France,Strasbourg,1513
80,43,France,Strasbourg,1513
80,44,France,Strasbourg,1513
80,45,France,Strasbourg,1513
80,46,France,Strasbourg,1513
80,47,France,Strasbourg,1513
80,48,France,Strasbourg,1513
80,49,France,Strasbourg,1513
80,50,France,Strasbourg,1513
80,51,France,Strasbourg,1513
80,52,France,Strasbourg,1516
28,11,France,Strasbourg,1522
80,54,France,Strasbourg,1522
28,54,France,Strasbourg,1525
28,56,France,Strasbourg,1525
28,57,France,Strasbourg,1525
28,0,France,Strasbourg,1529
86,11,France,Strasbourg,1532
86,12,France,Strasbourg,1532
86,13,France,Strasbourg,1532
86,14,France,Strasbourg,1532
86,15,France,Strasbourg,1532
86,16,France,Strasbourg,1532
86,17,France,Strasbourg,1532
86,18,France,Strasbourg,1532
-86,11,France,Strasbourg,1536
-86,12,France,Strasbourg,1536
-86,13,France,Strasbourg,1536
-86,14,France,Strasbourg,1536
-86,15,France,Strasbourg,1536
-86,16,France,Strasbourg,1536
-86,17,France,Strasbourg,1536
-86,18,France,Strasbourg,1536
82,1,France,Strasbourg,1537
84,5,France,Strasbourg,1549 Or 50
84,6,France,Strasbourg,1553
55,7,Germany,Celle,1593
79,4,Germany,Cologne,154057
79,5,Germany,Cologne,1545
79,8,Germany,Cologne,1555
79,9,Germany,Cologne,1555
56,39,Germany,Cologne,1578
56,40,Germany,Cologne,1578
56,41,Germany,Cologne,1578
56,42,Germany,Cologne,1578
56,43,Germany,Cologne,1578
56,44,Germany,Cologne,1578
56,45,Germany,Cologne,1578
56,46,Germany,Cologne,1578
56,47,Germany,Cologne,1578
56,48,Germany,Cologne,1578
56,49,Germany,Cologne,1578
56,50,Germany,Cologne,1578
56,51,Germany,Cologne,1578
56,52,Germany,Cologne,1578
56,53,Germany,Cologne,1578
56,54,Germany,Cologne,1578
56,55,Germany,Cologne,1578
56,56,Germany,Cologne,1578
56,57,Germany,Cologne,1578
56,58,Germany,Cologne,1578
56,59,Germany,Cologne,1578
56,60,Germany,Cologne,1578
56,61,Germany,Cologne,1578
56,62,Germany,Cologne,1578
56,63,Germany,Cologne,1578
56,64,Germany,Cologne,1578
56,65,Germany,Cologne,1578
56,66,Germany,Cologne,1578
45,5,Germany,Cologne,1585
55,5,Germany,Cologne,1598
55,6,Germany,Cologne,1598
56,13,Germany,Duisburg,1554
56,16,Germany,Duisburg,1564
56,18,Germany,Duisburg,1569
56,17,Germany,Duisburg,1569
56,67,Germany,Duisburg,1585
56,68,Germany,Duisburg,1585
56,69,Germany,Duisburg,1585
56,70,Germany,Duisburg,1585
56,71,Germany,Duisburg,1585
56,72,Germany,Duisburg,1585
56,73,Germany,Duisburg,1585
56,74,Germany,Duisburg,1585
56,75,Germany,Duisburg,1585
56,76,Germany,Duisburg,1585
56,77,Germany,Duisburg,1585
56,78,Germany,Duisburg,1585
56,79,Germany,Duisburg,1585
56,80,Germany,Duisburg,1585
56,81,Germany,Duisburg,1585
56,82,Germany,Duisburg,1585
56,83,Germany,Duisburg,1585
56,84,Germany,Duisburg,1585
56,85,Germany,Duisburg,1585
56,86,Germany,Duisburg,1585
56,87,Germany,Duisburg,1585
56,88,Germany,Duisburg,1585
56,89,Germany,Duisburg,1585
56,90,Germany,Duisburg,1585
56,91,Germany,Duisburg,1585
56,92,Germany,Duisburg,1585
56,93,Germany,Duisburg,1585
56,94,Germany,Duisburg,1585
56,95,Germany,Duisburg,1585
56,96,Germany,Duisburg,1585
56,97,Germany,Duisburg,1585
56,98,Germany,Duisburg,1585
56,99,Germany,Duisburg,1585
56,100,Germany,Duisburg,1585
56,101,Germany,Duisburg,1585
56,102,Germany,Duisburg,1585
56,103,Germany,Duisburg,1585
56,104,Germany,Duisburg,1585
56,105,Germany,Duisburg,1585
56,106,Germany,Duisburg,1585
56,107,Germany,Duisburg,1585
56,108,Germany,Duisburg,1585
56,109,Germany,Duisburg,1585
56,110,Germany,Duisburg,1585
56,111,Germany,Duisburg,1585
56,112,Germany,Duisburg,1585
56,113,Germany,Duisburg,1585
56,114,Germany,Duisburg,1585
56,115,Germany,Duisburg,1585
56,116,Germany,Duisburg,1585
56,117,Germany,Duisburg,1585
56,118,Germany,Duisburg,1585
56,119,Germany,Duisburg,1589
56,120,Germany,Duisburg,1589
56,121,Germany,Duisburg,1589
56,122,Germany,Duisburg,1589
56,123,Germany,Duisburg,1589
56,124,Germany,Duisburg,1589
56,125,Germany,Duisburg,1589
56,126,Germany,Duisburg,1589
56,127,Germany,Duisburg,1589
56,128,Germany,Duisburg,1589
56,129,Germany,Duisburg,1589
56,130,Germany,Duisburg,1589
56,131,Germany,Duisburg,1589
56,132,Germany,Duisburg,1589
56,133,Germany,Duisburg,1589
56,134,Germany,Duisburg,1589
56,135,Germany,Duisburg,1589
56,136,Germany,Duisburg,1589
56,137,Germany,Duisburg,1589
56,138,Germany,Duisburg,1589
56,139,Germany,Duisburg,1589
56,140,Germany,Duisburg,1589
56,141,Germany,Duisburg,1589
56,142,Germany,Duisburg,1595
56,143,Germany,Duisburg,1595
56,144,Germany,Duisburg,1595
56,145,Germany,Duisburg,1595
56,146,Germany,Duisburg,1595
56,147,Germany,Duisburg,1595
56,148,Germany,Duisburg,1595
56,149,Germany,Duisburg,1595
56,150,Germany,Duisburg,1595
56,151,Germany,Duisburg,1595
56,152,Germany,Duisburg,1595
56,153,Germany,Duisburg,1595
56,154,Germany,Duisburg,1595
56,155,Germany,Duisburg,1595
56,156,Germany,Duisburg,1595
56,157,Germany,Duisburg,1595
56,158,Germany,Duisburg,1595
56,159,Germany,Duisburg,1595
56,160,Germany,Duisburg,1595
56,161,Germany,Duisburg,1595
56,162,Germany,Duisburg,1595
56,163,Germany,Duisburg,1595
56,164,Germany,Duisburg,1595
56,165,Germany,Duisburg,1595
56,166,Germany,Duisburg,1595
56,167,Germany,Duisburg,1595
56,168,Germany,Duisburg,1595
56,169,Germany,Duisburg,1595
56,170,Germany,Duisburg,1595
23,1,Germany,Eichstatt,Ca. 1514
58,48,Germany,Frankfurt am Main,1536
58,49,Germany,Frankfurt am Main,1536
66,1,Germany,Görlitz,1569
66,2,Germany,Görlitz,1593
45,3,Germany,Hamburg,1559
7,6,Germany,Imgolstadt,1528
7,9,Germany,Imgolstadt,1530
7,10,Germany,Imgolstadt,1533
7,11,Germany,Imgolstadt,1533
64,1,Germany,Imgolstadt,1533
7,13,Germany,Imgolstadt,1536
55,2,Germany,Jena,1571
55,3,Germany,Jena,1571
47,2,Germany,Kalkar,1570
47,3,Germany,Kalkar,1570
70,11,Germany,Kalkar,1570
70,12,Germany,Kalkar,1570
70,13,Germany,Kalkar,1572
7,2,Germany,Landshut,1521 or 22
7,4,Germany,Landshut,1524
7,5,Germany,Landshut,1524
9,5,Germany,Landshut,1535
54,1,Germany,Münster,1568
7,5,Germany,Nuremberg,1533
83,1,Germany,Nuremberg,1533
63,1,Germany,Nuremberg,1540
63,1,Germany,Nuremberg,1540
88,1,Germany,Nuremberg,1565
88,2,Germany,Nuremberg,1566
88,3,Germany,Nuremberg,1566
88,5,Germany,Nuremberg,1567
88,6,Germany,Nuremberg,1567
88,7,Germany,Nuremberg,1567
88,8,Germany,Nuremberg,1568
88,9,Germany,Nuremberg,1568
88,10,Germany,Nuremberg,1568
88,11,Germany,Nuremberg,1570
88,12,Germany,Nuremberg,1570
88,13,Germany,Nuremberg,1571
58,45,Germany,Oppenheim,1525
58,46,Germany,Oppenheim,1528
7,3,Germany,Regensburg,1522
72,2,Germany,Rostock,1552
72,4,Germany,Rostock,1555
55,1,Germany,Weimar,1568
45,1,Germany,Wittenberg,1550
72,1,Germany,Wittenberg,1552
72,5,Germany,Wittenberg,1557
72,6,Germany,Wittenberg,1560
72,6,Germany,Wittenberg,1567
33,2,Italy,Rome,1524
10,1,Italy,Rome,1536
33,3,Italy,Rome,1546
51,1,Italy,Rome,1552
51,2,Italy,Rome,1553
51,4,Italy,Rome,1554
51,4,Italy,Rome,1558
51,5,Italy,Rome,1558
51,6,Italy,Rome,1558
51,7,Italy,Rome,1558
51,8,Italy,Rome,1559
51,9,Italy,Rome,1559
30,91,Italy,Rome,1561
30,92,Italy,Rome,1561
51,10,Italy,Rome,1561
51,11,Italy,Rome,1561
67,1,Italy,Rome,1561
51,12,Italy,Rome,1563
51,0,Italy,Rome,1563
51,12,Italy,Rome,1564
51,4,Italy,Rome,1691
51,13,Italy,Rome,1751
51,4,Italy,Rome,1775
87,15,Italy,Venice,15208
13,3,Italy,Venice,1528
13,4,Italy,Venice,1528
13,5,Italy,Venice,1528
13,6,Italy,Venice,1528
13,7,Italy,Venice,1528
13,8,Italy,Venice,1528
13,9,Italy,Venice,1528
13,10,Italy,Venice,1528
13,11,Italy,Venice,1528
13,12,Italy,Venice,1528
13,13,Italy,Venice,1528
13,14,Italy,Venice,1528
13,15,Italy,Venice,1528
13,16,Italy,Venice,1528
13,17,Italy,Venice,1528
13,18,Italy,Venice,1528
13,19,Italy,Venice,1528
13,20,Italy,Venice,1528
13,21,Italy,Venice,1528
13,22,Italy,Venice,1528
13,23,Italy,Venice,1528
13,24,Italy,Venice,1528
13,25,Italy,Venice,1528
13,26,Italy,Venice,1528
13,27,Italy,Venice,1528
13,28,Italy,Venice,1528
13,29,Italy,Venice,1528
13,30,Italy,Venice,1528
13,31,Italy,Venice,1528
13,32,Italy,Venice,1528
13,33,Italy,Venice,1528
13,34,Italy,Venice,1528
13,35,Italy,Venice,1528
13,36,Italy,Venice,1528
13,37,Italy,Venice,1528
13,38,Italy,Venice,1528
13,39,Italy,Venice,1528
13,40,Italy,Venice,1528
13,41,Italy,Venice,1528
13,42,Italy,Venice,1528
13,43,Italy,Venice,1528
13,44,Italy,Venice,1528
13,45,Italy,Venice,1528
13,46,Italy,Venice,1528
13,47,Italy,Venice,1528
13,48,Italy,Venice,1528
13,49,Italy,Venice,1528
13,50,Italy,Venice,1528
13,51,Italy,Venice,1528
13,52,Italy,Venice,1528
13,53,Italy,Venice,1528
13,54,Italy,Venice,1528
13,55,Italy,Venice,1528
13,56,Italy,Venice,1528
13,57,Italy,Venice,1528
13,58,Italy,Venice,1528
13,59,Italy,Venice,1528
13,60,Italy,Venice,1528
13,61,Italy,Venice,1528
13,62,Italy,Venice,1528
13,63,Italy,Venice,1528
13,64,Italy,Venice,1528
13,65,Italy,Venice,1528
13,66,Italy,Venice,1528
13,67,Italy,Venice,1528
13,68,Italy,Venice,1528
13,69,Italy,Venice,1528
13,70,Italy,Venice,1528
13,71,Italy,Venice,1528
13,72,Italy,Venice,1528
13,73,Italy,Venice,1528
13,74,Italy,Venice,1528
13,75,Italy,Venice,1528
13,76,Italy,Venice,1528
13,77,Italy,Venice,1528
13,78,Italy,Venice,1528
13,79,Italy,Venice,1528
13,80,Italy,Venice,1528
13,81,Italy,Venice,1528
13,82,Italy,Venice,1528
13,83,Italy,Venice,1528
13,84,Italy,Venice,1528
13,85,Italy,Venice,1528
13,86,Italy,Venice,1528
13,87,Italy,Venice,1528
13,88,Italy,Venice,1528
13,89,Italy,Venice,1528
13,90,Italy,Venice,1528
13,91,Italy,Venice,1528
13,92,Italy,Venice,1528
13,93,Italy,Venice,1528
13,94,Italy,Venice,1528
13,95,Italy,Venice,1528
13,96,Italy,Venice,1528
13,97,Italy,Venice,1528
13,98,Italy,Venice,1528
13,99,Italy,Venice,1528
13,100,Italy,Venice,1528
13,101,Italy,Venice,1528
13,102,Italy,Venice,1528
13,103,Italy,Venice,1528
13,104,Italy,Venice,1528
13,105,Italy,Venice,1528
13,106,Italy,Venice,1528
13,107,Italy,Venice,1528
13,108,Italy,Venice,1528
13,109,Italy,Venice,1528
13,110,Italy,Venice,1528
13,111,Italy,Venice,1528
13,112,Italy,Venice,1528
13,113,Italy,Venice,1528
33,0,Italy,Venice,1530
87,8,Italy,Venice,1538
87,7,Italy,Venice,1538
53,1,Italy,Venice,1539
21,0,Italy,Venice,1540
30,1,Italy,Venice,1544
30,2,Italy,Venice,1545
87,10,Italy,Venice,1545
87,11,Italy,Venice,1545
30,3,Italy,Venice,1546
30,4,Italy,Venice,1546
33,5,Italy,Venice,1546
87,13,Italy,Venice,1546
10,11,Italy,Venice,1550
30,65,Italy,Venice,1550
30,67,Italy,Venice,1550
30,68,Italy,Venice,1550
30,72,Italy,Venice,1550
60,1,Italy,Venice,1551
30,70,Italy,Venice,1552
51,4,Italy,Venice,1554
30,76,Italy,Venice,1555
30,78,Italy,Venice,1556
30,79,Italy,Venice,1556
30,80,Italy,Venice,1556
30,81,Italy,Venice,1556
30,82,Italy,Venice,1556
30,83,Italy,Venice,1556
79,54,Italy,Venice,1557
85,1,Italy,Venice,1557
30,85,Italy,Venice,1559
30 ,86,Italy,Venice,1559
30,12,Italy,Venice,1559
33,11,Italy,Venice,1559
87,14,Italy,Venice,1559
30,87,Italy,Venice,1560
30,88,Italy,Venice,1560
30,89,Italy,Venice,1560
30,90,Italy,Venice,1561
30,91,Italy,Venice,1561
30,92,Italy,Venice,1561
30,93,Italy,Venice,1561
30,96,Italy,Venice,1562
30,97,Italy,Venice,1562
30,103,Italy,Venice,1564
30,105,Italy,Venice,1567
30,106,Italy,Venice,1567
30,107,Italy,Venice,1568
30,108,Italy,Venice,1568
30,103,Italy,Venice,1570
30,107,Italy,Venice,1571
6,5,Netherlands,Amsterdam,1542
6,11,Netherlands,Amsterdam,1544
6,16,Netherlands,Amsterdam,after 1553
41,1,Poland,Kraków,1530
41,2,Poland,Kraków,1530
38,1,Poland,Wrocław,1561
38,2,Poland,Wrocław,1561
38,12,Poland,Wrocław,1627
41,5,Romania,Braşov,1542
41,6,Romania,Braşov,1542
41,7,Romania,Braşov,1542
41,8,Romania,Braşov,1542
41,9,Romania,Braşov,1542
41,10,Romania,Braşov,1542
41,11,Romania,Braşov,1542
41,12,Romania,Braşov,1542
41,13,Romania,Braşov,1542
41,14,Romania,Braşov,1542
41,15,Romania,Braşov,1542
41,16,Romania,Braşov,1542
41,17,Romania,Braşov,1542
41,18,Romania,Braşov,1542
41,19,Romania,Braşov,1542
41,20,Romania,Braşov,1542
41,4,Switzerland,Basel,1532
58,47,Switzerland,Basel,1532
58,50,Switzerland,Basel,1537
58,52,Switzerland,Basel,1538
58,53,Switzerland,Basel,1538
58,54,Switzerland,Basel,1538
58,55,Switzerland,Basel,1538
58,56,Switzerland,Basel,1538
58,57,Switzerland,Basel,1538
58,58,Switzerland,Basel,1538
58,59,Switzerland,Basel,1538
58,60,Switzerland,Basel,1538
58,61,Switzerland,Basel,1538
58,62,Switzerland,Basel,1538
58,63,Switzerland,Basel,1538
58,64,Switzerland,Basel,1538
58,65,Switzerland,Basel,1538
58,66,Switzerland,Basel,1538
58,67,Switzerland,Basel,1538
58,68,Switzerland,Basel,1538
58,69,Switzerland,Basel,1538
58,70,Switzerland,Basel,1538
58,71,Switzerland,Basel,1538
58,72,Switzerland,Basel,1538
41,3,Switzerland,Basel,1541
58,121,Switzerland,Basel,1544
58,122,Switzerland,Basel,1544
58,123,Switzerland,Basel,1544
58,124,Switzerland,Basel,1544
58,125,Switzerland,Basel,1544
58,126,Switzerland,Basel,1544
58,127,Switzerland,Basel,1544
58,128,Switzerland,Basel,1544
58,129,Switzerland,Basel,1544
58,130,Switzerland,Basel,1545
58,131,Switzerland,Basel,1545
58,132,Switzerland,Basel,1545
58,133,Switzerland,Basel,1545
58,134,Switzerland,Basel,1545
58,132,Switzerland,Basel,1545
58,133,Switzerland,Basel,1545
41,8,Switzerland,Basel,1546
49,6,Switzerland,Basel,1548
16,2,Switzerland,Basel,1550
49,8,Switzerland,Basel,1556
29,8,Switzerland,Basel,1583
73,1,Switzerland,Zurich,1538
41,12,Switzerland,Zurich,1546
41,0,Switzerland,Zurich,1548
73,12,Switzerland,Zurich,1554
73,1,Switzerland,Zurich,1556
41,2,Switzerland,Zurich,1558
41,12,Switzerland,Zurich,1562
41,0,Switzerland,Zurich,1564
41,0,Switzerland,Zurich,1565
41,8,Switzerland,Zurich,1570
41,0,Switzerland,Zurich,1570
41,0,Switzerland,Zurich,1573
41,12,Switzerland,Zurich,1578
41,0,Switzerland,Zurich,1581
41,8,Switzerland,Zurich,1590
41,12,Switzerland,Zurich,1597
21,23,Yugoslavia,Izola,1524-26
21,24,Yugoslavia,Izola,1524-26
21,25,Yugoslavia,Izola,1524-26
21,26,Yugoslavia,Izola,1524-26
21,27,Yugoslavia,Izola,1524-26
21,28,Yugoslavia,Izola,1524-26
21,29,Yugoslavia,Izola,1524-26
21,30,Yugoslavia,Izola,1524-26
21,31,Yugoslavia,Izola,1524-26
21,32,Yugoslavia,Izola,1524-26
21,33,Yugoslavia,Izola,1524-26
21,34,Yugoslavia,Izola,1524-26
21,35,Yugoslavia,Izola,1524-26
21,36,Yugoslavia,Izola,1524-26
21,37,Yugoslavia,Izola,1524-26
