mapmaker_id,map_or_book_id,country,city,date
26,E,Austria,Güssing,1583
68,1,Austria,Salzburg,1551
68,1.6,Austria,Salzburg,1650
24,А,Austria,Vienna,1494
24,B,Austria,Vienna,1508
7,1,Austria,Vienna,1520
24,C,Austria,Vienna,1522
28,G.3,Austria,Vienna,1541
49,4,Austria,Vienna,1545?
49,5,Austria,Vienna,1545?
40,4,Austria,Vienna,1546
40,4.1,Austria,Vienna,1547
40,6,Austria,Vienna,1547
40,7,Austria,Vienna,1547
40,4.2,Austria,Vienna,1549
40,5.3,Austria,Vienna,1552
49,D,Austria,Vienna,1556
49,7,Austria,Vienna,1556
40,4.8,Austria,Vienna,1557
49,11,Austria,Vienna,1558
49,12,Austria,Vienna,1558
49,14,Austria,Vienna,1558
49,G,Austria,Vienna,1558
49,H,Austria,Vienna,1558
65,B,Austria,Vienna,1558
65,D,Austria,Vienna,1558
49,J,Austria,Vienna,by 1561
49,15,Austria,Vienna,by 1561
49,16,Austria,Vienna,by 1561
49,17,Austria,Vienna,by 1561
49,18,Austria,Vienna,by 1561
49,19,Austria,Vienna,by 1561
49,20,Austria,Vienna,by 1561
49,21,Austria,Vienna,by 1561
49,22,Austria,Vienna,by 1561
49,23,Austria,Vienna,by 1561
49,24,Austria,Vienna,by 1561
49,25,Austria,Vienna,by 1561
49,26,Austria,Vienna,by 1561
65,1,Austria,Vienna,1566
65,2,Austria,Vienna,1566
65,3,Austria,Vienna,1571
16,H.1,Austria,Vienna,1692
65,1.3,Austria,Vienna,1746
42,1,Belgium,Antwerp,1526
57,A,Belgium,Antwerp,1527-30
7,Е,Belgium,Antwerp,1529
29,А,Belgium,Antwerp,1529
7,1.1,Belgium,Antwerp,1530
29,B,Belgium,Antwerp,1530
7,E,Belgium,Antwerp,1533
29,A,Belgium,Antwerp,1533
29,A.1,Belgium,Antwerp,1533
7,E,Belgium,Antwerp,1534
29,A,Belgium,Antwerp,1534
83,C.2,Belgium,Antwerp,1535
83,C.2,Belgium,Antwerp,1536
7,E,Belgium,Antwerp,1537
29,A,Belgium,Antwerp,1537
7,E,Belgium,Antwerp,1539
29,А,Belgium,Antwerp,1539
29,A.2,Belgium,Antwerp,1539
7,E,Belgium,Antwerp,1540
29,A,Belgium,Antwerp,1540
29,E,Belgium,Antwerp,1540
56,A,Belgium,Antwerp,1541
6,8,Belgium,Antwerp,1543
7,E,Belgium,Antwerp,1544
17,A,Belgium,Antwerp,1544
29,A,Belgium,Antwerp,1544
29,A.3,Belgium,Antwerp,1544
29,8,Belgium,Antwerp,1544
46,1,Belgium,Antwerp,1544
29,B,Belgium,Antwerp,1544-53
7,E,Belgium,Antwerp,1545
29,A,Belgium,Antwerp,1545
29,F,Belgium,Antwerp,1545
29,E,Belgium,Antwerp,1547
7,E,Belgium,Antwerp,1548
29,A,Belgium,Antwerp,1548
29,B.1,Belgium,Antwerp,1548
36,1,Belgium,Antwerp,1549
56,А,Belgium,Antwerp,1549
7,E,Belgium,Antwerp,1550
29,A,Belgium,Antwerp,1550
29,Е,Belgium,Antwerp,1552
41,E,Belgium,Antwerp,1552
41,5.2,Belgium,Antwerp,1552
41,6.2,Belgium,Antwerp,1552
41,7.2,Belgium,Antwerp,1552
41,8.2,Belgium,Antwerp,1552
41,9.2,Belgium,Antwerp,1552
41,10.2,Belgium,Antwerp,1552
41,11.2,Belgium,Antwerp,1552
41,12.2,Belgium,Antwerp,1552
41,13.2,Belgium,Antwerp,1552
41,14.2,Belgium,Antwerp,1552
41,15.2,Belgium,Antwerp,1552
41,16.2,Belgium,Antwerp,1552
41,17.2,Belgium,Antwerp,1552
41,18.2,Belgium,Antwerp,1552
41,19.2,Belgium,Antwerp,1552
41,20.2,Belgium,Antwerp,1552
79,5.2,Belgium,Antwerp,1552
7,E,Belgium,Antwerp,1553
25,4.2,Belgium,Antwerp,1553
29,A,Belgium,Antwerp,1553
30,2.1,Belgium,Antwerp,1553
41,E,Belgium,Antwerp,1553
60,1.1,Belgium,Antwerp,1553
30,3.1,Belgium,Antwerp,1555
30,77,Belgium,Antwerp,1555
41,E,Belgium,Antwerp,1555
81,1.2,Belgium,Antwerp,1555
12,21,Belgium,Antwerp,1556
12,20,Belgium,Antwerp,1556
25,7.1,Belgium,Antwerp,1556
29,J,Belgium,Antwerp,1556
56,A,Belgium,Antwerp,1556
77,А,Belgium,Antwerp,1556
12,C,Belgium,Antwerp,1557
12,22,Belgium,Antwerp,1557
26,A,Belgium,Antwerp,1557
40,4.7,Belgium,Antwerp,1557
56,А,Belgium,Antwerp,1557
72,1.1,Belgium,Antwerp,1557
25,1.3,Belgium,Antwerp,1558
77,B,Belgium,Antwerp,1558
11,1,Belgium,Antwerp,1559
25,8.2,Belgium,Antwerp,1559
72,5.1,Belgium,Antwerp,1559
6,8.3,Belgium,Antwerp,1560
25,11.2,Belgium,Antwerp,1560
41,E,Belgium,Antwerp,1560
69,1,Belgium,Antwerp,1560
7,E,Belgium,Antwerp,1561
29,A,Belgium,Antwerp,1561
3,2.1,Belgium,Antwerp,1562
5,A,Belgium,Antwerp,1562
29,E,Belgium,Antwerp,1562
37,2,Belgium,Antwerp,1562
84,5.7,Belgium,Antwerp,1562
70,2.1,Belgium,Antwerp,1563-64
1,1,Belgium,Antwerp,1564
7,E,Belgium,Antwerp,1564
29,A,Belgium,Antwerp,1564
65,F,Belgium,Antwerp,1564
1,2,Belgium,Antwerp,1565
25,4.5,Belgium,Antwerp,1565
25,4.6,Belgium,Antwerp,1565
56,6.6,Belgium,Antwerp,1565
57,A,Belgium,Antwerp,1565
67,1.1,Belgium,Antwerp,1565
79,9.1,Belgium,Antwerp,1566
1,4,Belgium,Antwerp,1567
6,11.4,Belgium,Antwerp,1567
49,7.3,Belgium,Antwerp,1567
56,6.8,Belgium,Antwerp,1567
1,5,Belgium,Antwerp,1568
25,1.6,Belgium,Antwerp,1568
30,90.2,Belgium,Antwerp,1568
43,1.1,Belgium,Antwerp,1568
48,2,Belgium,Antwerp,1568
70,2.2,Belgium,Antwerp,1568
79,8.3,Belgium,Antwerp,1569
1,6,Belgium,Antwerp,1570
1,7,Belgium,Antwerp,1570
1,8,Belgium,Antwerp,1570
1,9,Belgium,Antwerp,1570
1,10,Belgium,Antwerp,1570
1,11,Belgium,Antwerp,1570
1,12,Belgium,Antwerp,1570
1,13,Belgium,Antwerp,1570
1,14,Belgium,Antwerp,1570
1,15,Belgium,Antwerp,1570
1,16,Belgium,Antwerp,1570
1,17,Belgium,Antwerp,1570
1,18,Belgium,Antwerp,1570
1,19,Belgium,Antwerp,1570
1,20,Belgium,Antwerp,1570
1,21,Belgium,Antwerp,1570
1,22,Belgium,Antwerp,1570
1,23,Belgium,Antwerp,1570
1,24,Belgium,Antwerp,1570
1,25,Belgium,Antwerp,1570
1,26,Belgium,Antwerp,1570
1,27,Belgium,Antwerp,1570
1,28,Belgium,Antwerp,1570
1,29,Belgium,Antwerp,1570
1,30,Belgium,Antwerp,1570
1,31,Belgium,Antwerp,1570
1,32,Belgium,Antwerp,1570
1,33,Belgium,Antwerp,1570
1,34,Belgium,Antwerp,1570
1,35,Belgium,Antwerp,1570
1,36,Belgium,Antwerp,1570
1,37,Belgium,Antwerp,1570
1,38,Belgium,Antwerp,1570
1,39,Belgium,Antwerp,1570
1,40,Belgium,Antwerp,1570
1,41,Belgium,Antwerp,1570
1,42,Belgium,Antwerp,1570
1,43,Belgium,Antwerp,1570
1,44,Belgium,Antwerp,1570
1,45,Belgium,Antwerp,1570
1,46,Belgium,Antwerp,1570
1,47,Belgium,Antwerp,1570
1,48,Belgium,Antwerp,1570
1,49,Belgium,Antwerp,1570
1,50,Belgium,Antwerp,1570
1,51,Belgium,Antwerp,1570
1,52,Belgium,Antwerp,1570
1,53,Belgium,Antwerp,1570
1,54,Belgium,Antwerp,1570
1,55,Belgium,Antwerp,1570
1,56,Belgium,Antwerp,1570
1,57,Belgium,Antwerp,1570
1,58,Belgium,Antwerp,1570
1,59,Belgium,Antwerp,1570
1,60,Belgium,Antwerp,1570
1,61,Belgium,Antwerp,1570
1,62,Belgium,Antwerp,1570
1,63,Belgium,Antwerp,1570
1,64,Belgium,Antwerp,1570
1,65,Belgium,Antwerp,1570
1,66,Belgium,Antwerp,1570
1,67,Belgium,Antwerp,1570
1,68,Belgium,Antwerp,1570
1,69,Belgium,Antwerp,1570
1,70,Belgium,Antwerp,1570
1,71,Belgium,Antwerp,1570
1,72,Belgium,Antwerp,1570
1,73,Belgium,Antwerp,1570
1,74,Belgium,Antwerp,1570
1,75,Belgium,Antwerp,1570
1,A,Belgium,Antwerp,1570
3,2.2,Belgium,Antwerp,1570
6,8.5,Belgium,Antwerp,1570
9,5.1,Belgium,Antwerp,1570
10,1.9,Belgium,Antwerp,1570
11,1.1,Belgium,Antwerp,1570
12,20.2,Belgium,Antwerp,1570
19,1.1,Belgium,Antwerp,1570
26,2.2,Belgium,Antwerp,1570
30,2.6,Belgium,Antwerp,1570
30,76.3,Belgium,Antwerp,1570
30,88.4,Belgium,Antwerp,1570
30,90.4,Belgium,Antwerp,1570
33,1.2,Belgium,Antwerp,1570
35,1.3,Belgium,Antwerp,1570
38,1.9,Belgium,Antwerp,1570
40,9.2,Belgium,Antwerp,1570
43,1.2,Belgium,Antwerp,1570
44,5.4,Belgium,Antwerp,1570
49,7.5,Belgium,Antwerp,1570
51,5.1,Belgium,Antwerp,1570
54,11,Belgium,Antwerp,1570
56,6.11,Belgium,Antwerp,1570
56,17.9,Belgium,Antwerp,1570
63,1.1,Belgium,Antwerp,1570
67,1.2,Belgium,Antwerp,1570
68,1.2,Belgium,Antwerp,1570
60,11,Belgium,Antwerp,1570
79,55,Belgium,Antwerp,1570
81,1.3,Belgium,Antwerp,1570
88,8.1,Belgium,Antwerp,1570
1,1.1,Belgium,Antwerp,1571
1,77,Belgium,Antwerp,1571
1,A.1,Belgium,Antwerp,1571
26,2.3,Belgium,Antwerp,1571
1,A.2,Belgium,Antwerp,1572
1,A.3,Belgium,Antwerp,1572
56,38,Belgium,Antwerp,1572
79,9.2,Belgium,Antwerp,1572
1,78,Belgium,Antwerp,1573
1,79,Belgium,Antwerp,1573
1,80,Belgium,Antwerp,1573
1,81,Belgium,Antwerp,1573
1,82,Belgium,Antwerp,1573
1,83,Belgium,Antwerp,1573
1,84,Belgium,Antwerp,1573
1,85,Belgium,Antwerp,1573
1,86,Belgium,Antwerp,1573
1,87,Belgium,Antwerp,1573
1,88,Belgium,Antwerp,1573
1,89,Belgium,Antwerp,1573
1,90,Belgium,Antwerp,1573
1,91,Belgium,Antwerp,1573
1,92,Belgium,Antwerp,1573
1,93,Belgium,Antwerp,1573
1,94,Belgium,Antwerp,1573
1,95,Belgium,Antwerp,1573
1,96,Belgium,Antwerp,1573
1,97,Belgium,Antwerp,1573
1,98,Belgium,Antwerp,1573
1,99,Belgium,Antwerp,1573
1,100,Belgium,Antwerp,1573
1,101,Belgium,Antwerp,1573
1,102,Belgium,Antwerp,1573
1,103,Belgium,Antwerp,1573
1,104,Belgium,Antwerp,1573
1,105,Belgium,Antwerp,1573
1,B,Belgium,Antwerp,1573
1,C[],Belgium,Antwerp,1573
7,E,Belgium,Antwerp,1573
8,2.8,Belgium,Antwerp,1573
29,A,Belgium,Antwerp,1573
30,105.1,Belgium,Antwerp,1573
30,107.1,Belgium,Antwerp,1573
34,1.3,Belgium,Antwerp,1573
49,21.2,Belgium,Antwerp,1573
49,22.1,Belgium,Antwerp,1573
49,25.1,Belgium,Antwerp,1573
50,1.1,Belgium,Antwerp,1573
50,3.1,Belgium,Antwerp,1573
55,1.1,Belgium,Antwerp,1573
1,B,Belgium,Antwerp,1574
7,E,Belgium,Antwerp,1574
29,A,Belgium,Antwerp,1574
56,17.1,Belgium,Antwerp,1574
65,L,Belgium,Antwerp,1574
7,E,Belgium,Antwerp,1575
29,A,Belgium,Antwerp,1575
26,B,Belgium,Antwerp,1576
59,E.1,Belgium,Antwerp,1576
1,E[],Belgium,Antwerp,1577
19,1.2,Belgium,Antwerp,1577
38,1.11,Belgium,Antwerp,1577
43,1.5,Belgium,Antwerp,1577
54,1.2,Belgium,Antwerp,1577
64,1.6,Belgium,Antwerp,1577
78,1.13,Belgium,Antwerp,1577
1,F[],Belgium,Antwerp,1578
1,1.2,Belgium,Antwerp,1578
8,2.9,Belgium,Antwerp,1578
10,1.10,Belgium,Antwerp,1578
11,1.2,Belgium,Antwerp,1578
19,1.3,Belgium,Antwerp,1578
25,4.10,Belgium,Antwerp,1578
30,2.7,Belgium,Antwerp,1578
30,85.3,Belgium,Antwerp,1578
30,90.6,Belgium,Antwerp,1578
30,91.2,Belgium,Antwerp,1578
30,92.2,Belgium,Antwerp,1578
30,98.7,Belgium,Antwerp,1578
30,107.2,Belgium,Antwerp,1578
38,1.13,Belgium,Antwerp,1578
40,9.4,Belgium,Antwerp,1578
43,1.3,Belgium,Antwerp,1578
43,1.4,Belgium,Antwerp,1578
45,3.1,Belgium,Antwerp,1578
49,76,Belgium,Antwerp,1578
51,5.2,Belgium,Antwerp,1578
51,9.1,Belgium,Antwerp,1578
51,10.1,Belgium,Antwerp,1578
54,1.3,Belgium,Antwerp,1578
55,1.2,Belgium,Antwerp,1578
56,6.12,Belgium,Antwerp,1578
58,52.3,Belgium,Antwerp,1578
63,1.2,Belgium,Antwerp,1578
64,1.7,Belgium,Antwerp,1578
67,1.3,Belgium,Antwerp,1578
68,1.3,Belgium,Antwerp,1578
70,17,Belgium,Antwerp,1578
70,18,Belgium,Antwerp,1578
72,1:2,Belgium,Antwerp,1578
78,1.12,Belgium,Antwerp,1578
84,2.4,Belgium,Antwerp,1578
84,5.8,Belgium,Antwerp,1578
88,5.1,Belgium,Antwerp,1578
1,106,Belgium,Antwerp,1579
1,107,Belgium,Antwerp,1579
1,108,Belgium,Antwerp,1579
1,109,Belgium,Antwerp,1579
1,110,Belgium,Antwerp,1579
1,111,Belgium,Antwerp,1579
1,112,Belgium,Antwerp,1579
1,113,Belgium,Antwerp,1579
1,114,Belgium,Antwerp,1579
1,115,Belgium,Antwerp,1579
1,116,Belgium,Antwerp,1579
1,117,Belgium,Antwerp,1579
1,118,Belgium,Antwerp,1579
1,119,Belgium,Antwerp,1579
1,120,Belgium,Antwerp,1579
1,121,Belgium,Antwerp,1579
1,122,Belgium,Antwerp,1579
1,123,Belgium,Antwerp,1579
1,124,Belgium,Antwerp,1579
1,125,Belgium,Antwerp,1579
1,126,Belgium,Antwerp,1579
1,127,Belgium,Antwerp,1579
1,128,Belgium,Antwerp,1579
1,129,Belgium,Antwerp,1579
1,130,Belgium,Antwerp,1579
1,131,Belgium,Antwerp,1579
1,J[],Belgium,Antwerp,1579
45,3.2,Belgium,Antwerp,1579
48,2.1,Belgium,Antwerp,1579
47,2.2,Belgium,Antwerp,1580
47,3.2,Belgium,Antwerp,1580
77,40.1,Belgium,Antwerp,1580
6,11.6,Belgium,Antwerp,1581
7,E,Belgium,Antwerp,1581
29,A,Belgium,Antwerp,1581
29,E,Belgium,Antwerp,1581
29,F,Belgium,Antwerp,1581
56,6.13,Belgium,Antwerp,1581
26,C,Belgium,Antwerp,1582
29,E,Belgium,Antwerp,1582
26,D,Belgium,Antwerp,1583
1,132,Belgium,Antwerp,1584
1,133,Belgium,Antwerp,1584
1,134,Belgium,Antwerp,1584
1,135,Belgium,Antwerp,1584
1,136,Belgium,Antwerp,1584
1,137,Belgium,Antwerp,1584
1,138,Belgium,Antwerp,1584
1,139,Belgium,Antwerp,1584
1,140,Belgium,Antwerp,1584
1,141,Belgium,Antwerp,1584
1,142,Belgium,Antwerp,1584
1,143,Belgium,Antwerp,1584
1,144,Belgium,Antwerp,1584
1,145,Belgium,Antwerp,1584
1,146,Belgium,Antwerp,1584
1,147,Belgium,Antwerp,1584
1,148,Belgium,Antwerp,1584
1,149,Belgium,Antwerp,1584
1,150,Belgium,Antwerp,1584
1,151,Belgium,Antwerp,1584
1,152,Belgium,Antwerp,1584
1,153,Belgium,Antwerp,1584
1,154,Belgium,Antwerp,1584
1,155,Belgium,Antwerp,1584
1,156,Belgium,Antwerp,1584
1,157,Belgium,Antwerp,1584
1,158,Belgium,Antwerp,1584
1,159,Belgium,Antwerp,1584
1,160,Belgium,Antwerp,1584
1,161,Belgium,Antwerp,1584
1,162,Belgium,Antwerp,1584
1,163,Belgium,Antwerp,1584
1,K[],Belgium,Antwerp,1584
1,L[],Belgium,Antwerp,1584
7,E,Belgium,Antwerp,1584
12,20.3,Belgium,Antwerp,1584
29,A,Belgium,Antwerp,1584
29,F,Belgium,Antwerp,1584
30,86.4,Belgium,Antwerp,1584
47,1.2,Belgium,Antwerp,1584
70,11.2,Belgium,Antwerp,1585
70,12.2,Belgium,Antwerp,1585
1,6a,Belgium,Antwerp,1587
1,7a,Belgium,Antwerp,1587
1,1173:1590,Belgium,Antwerp,1587
1,164,Belgium,Antwerp,1587
1,165,Belgium,Antwerp,1587
1,166,Belgium,Antwerp,1587
1,167,Belgium,Antwerp,1587
1,168,Belgium,Antwerp,1587
1,169,Belgium,Antwerp,1587
1,170,Belgium,Antwerp,1587
1,171,Belgium,Antwerp,1587
1,172,Belgium,Antwerp,1587
1,173,Belgium,Antwerp,1587
1,174,Belgium,Antwerp,1587
1,175,Belgium,Antwerp,1587
1,176,Belgium,Antwerp,1587
1,177,Belgium,Antwerp,1587
1,178,Belgium,Antwerp,1587
1,179,Belgium,Antwerp,1587
1,180,Belgium,Antwerp,1587
1,181,Belgium,Antwerp,1587
1,182,Belgium,Antwerp,1587
1,183,Belgium,Antwerp,1587
1,184,Belgium,Antwerp,1587
1,185,Belgium,Antwerp,1587
1,N[1590],Belgium,Antwerp,1587
30,3.1,Belgium,Antwerp,1587
56,6.14,Belgium,Antwerp,1587
1,6b[],Belgium,Antwerp,1592
29,A,Belgium,Antwerp,1592
30,2.7,Belgium,Antwerp,1593
30,85.3,Belgium,Antwerp,1593
30,90.6,Belgium,Antwerp,1593
30,91.2,Belgium,Antwerp,1593
30,92.2,Belgium,Antwerp,1593
30,98.9,Belgium,Antwerp,1593
30,107.2,Belgium,Antwerp,1593
38,1.13,Belgium,Antwerp,1593
40,2.1,Belgium,Antwerp,1593
40,9.4,Belgium,Antwerp,1593
43,1.3,Belgium,Antwerp,1593
45,3.1,Belgium,Antwerp,1593
49,7.6,Belgium,Antwerp,1593
51,5.2,Belgium,Antwerp,1593
51,9.1,Belgium,Antwerp,1593
51,10.1,Belgium,Antwerp,1593
54,1.3,Belgium,Antwerp,1593
55,1.2,Belgium,Antwerp,1593
56,6.12,Belgium,Antwerp,1593
64,1.8,Belgium,Antwerp,1593
1,121a[],Belgium,Antwerp,1595
1,150a[],Belgium,Antwerp,1595
1,188,Belgium,Antwerp,1595
1,189,Belgium,Antwerp,1595
1,190,Belgium,Antwerp,1595
1,191,Belgium,Antwerp,1595
1,192,Belgium,Antwerp,1595
1,193,Belgium,Antwerp,1595
1,194,Belgium,Antwerp,1595
1,195,Belgium,Antwerp,1595
1,196,Belgium,Antwerp,1595
1,197,Belgium,Antwerp,1595
1,198,Belgium,Antwerp,1595
1,199,Belgium,Antwerp,1595
1,200,Belgium,Antwerp,1595
1,201,Belgium,Antwerp,1595
1,202,Belgium,Antwerp,1595
1,203,Belgium,Antwerp,1595
1,204,Belgium,Antwerp,1595
1,205,Belgium,Antwerp,1595
1,206,Belgium,Antwerp,1595
1,207,Belgium,Antwerp,1595
1,208,Belgium,Antwerp,1595
1,209,Belgium,Antwerp,1595
30,105.1,Belgium,Antwerp,1595
35,1.7,Belgium,Antwerp,1595
38,1.10,Belgium,Antwerp,1595
45,3,Belgium,Antwerp,1595
45,4,Belgium,Antwerp,1595
45,6.1,Belgium,Antwerp,1595
68,1.5,Belgium,Antwerp,1595
1,210,Belgium,Antwerp,1595 ог 96
30,98.6,Belgium,Antwerp,1596
1,117a[],Belgium,Antwerp,1598
1,18a[],Belgium,Antwerp,1598
1,211,Belgium,Antwerp,1598
1,212,Belgium,Antwerp,1598
1,213,Belgium,Antwerp,1598
1,214,Belgium,Antwerp,1598
1,215,Belgium,Antwerp,1598
1,216,Belgium,Antwerp,1598
1,217,Belgium,Antwerp,1598
1,218,Belgium,Antwerp,1598
38,1.12,Belgium,Antwerp,1598
1,E.2[1577],Belgium,Antwerp,1601
26,H,Belgium,Antwerp,1601
43,1.7,Belgium,Antwerp,1601
48,2.4,Belgium,Antwerp,1602
1,М.1[1586?],Belgium,Antwerp,1603
26,J,Belgium,Antwerp,1605
26,K,Belgium,Antwerp,1611
1,H.2[1579],Belgium,Antwerp,1624
1,219,Belgium,Antwerp,1624
70,10.1,Belgium,Antwerp,1676
62,1,Belgium,Brussels,1547
29,3,Belgium,Louvain,1537
29,4,Belgium,Louvain,1537
56,3,Belgium,Louvain,1537
56,4,Belgium,Louvain,1538
29,7,Belgium,Louvain,1540
56,6,Belgium,Louvain,1540
56,A,Belgium,Louvain,1540
56,7,Belgium,Louvain,1541
29,С,Belgium,Louvain,1548
29,H,Belgium,Louvain,1548
56,10,Belgium,Louvain,1551
87,12.1,Czechoslovakia,Prague,1563
22,2.1,Czechoslovakia,Prague,1568
88,5.2,Czechoslovakia,Prague,1587
41,5.3,Czechoslovakia,Prague,1595
41,6.3,Czechoslovakia,Prague,1595
41,7.3,Czechoslovakia,Prague,1595
41,8.3,Czechoslovakia,Prague,1595
41,9.3,Czechoslovakia,Prague,1595
41,10.3,Czechoslovakia,Prague,1595
41,11.3,Czechoslovakia,Prague,1595
41,12.3,Czechoslovakia,Prague,1595
41,13.3,Czechoslovakia,Prague,1595
41,14.3,Czechoslovakia,Prague,1595
41,15.3,Czechoslovakia,Prague,1595
41,16.3,Czechoslovakia,Prague,1595
41,17.3,Czechoslovakia,Prague,1595
41,18.3,Czechoslovakia,Prague,1595
41,19.3,Czechoslovakia,Prague,1595
41,20.3,Czechoslovakia,Prague,1595
41,G,Czechoslovakia,Prague,1595
87,13.2,Czechoslovakia,Prague,1678
45,2.1,Denmark,Copenhagen,1552
31,A,England,London,1545
31,2,England,London,1546
33,D.1,England,London,1546
31,B,England,London,1548
17,6.2,England,London,1549
50,A,England,London,са. 1550
31,A.1,England,London,1553
31,1.1,England,London,1555
31,2,England,London,1555
31,C,England,London,1555
33,C.1,England,London,1555
86,E.2,England,London,1555
31,D,England,London,1556
31,A.2,England,London,1559
43,1,England,London,1562
77,B.1,England,London,1568
72,5.3,England,London,1572
50,D.2,England,London,1573
50,E.2,England,London,1573
50,B.1,England,London,1584
33,N.1,England,London,1585
43,A,England,London,1589
43,B,England,London,1589
43,C,England,London,1589
43,D,England,London,1589
43,E,England,London,1589
43,A,England,London,1599
43,B,England,London,1599
43,C,England,London,1599
43,D,England,London,1599
43,E,England,London,1599
56,17.7,England,London,1599
56,17.8,England,London,1599
1,S[],England,London,1606
74,1.2,England,London,1617
53,B.1,England,London,1658
33,C.1,England,London,1851-52
43,A,England,London,1886
43,B,England,London,1886
43,C,England,London,1886
43,D,England,London,1886
43,E,England,London,1886
29,E,England,Oxford,1661
59,B,France,La Rochelle,1618
80,A.2,France,Lyons,1517?
28,G.2,France,Lyons,1535
28,G.3,France,Lyons,1541
59,1,France,Lyons,1544
59,A,France,Lyons,1550
59,4,France,Lyons,1554
59,В,France,Lyons,1554
77,A,France,Lyons,1554
76,B,France,Lyons,1555
76,C,France,Lyons,1555
29,E,France,Lyons,1556
76,D,France,Lyons,1556
76,E,France,Lyons,1556
77,A,France,Lyons,1556
59,5,France,Lyons,1558
76,F,France,Lyons,1558
76,С,France,Lyons,1559
33,N,France,Lyons,1560
76,1,France,Lyons,1560
76,H,France,Lyons,1560
76,J,France,Lyons,1560
59,B,France,Lyons,1561
76,11,France,Lyons,1561
76,Н,France,Lyons,1561
76,J.1,France,Lyons,1561
29,8,France,Lyons,1564
19,A,France,Lyons,1566
19,1,France,Lyons,1566
59,E,France,Lyons,1568
59,B,France,Lyons,1569
59,B,France,Lyons,1576
27,A,France,Paris,1515
27,B,France,Paris,1516
27,C,France,Paris,1517
27,1,France,Paris,1517
27,D,France,Paris,1519
34,B,France,Paris,1520
34,C,France,Paris,1520
27,E,France,Paris,1521
27,F,France,Paris,1522
27,B.1,France,Paris,1524
27,3,France,Paris,1525
27,G,France,Paris,1526
27,Н,France,Paris,1527
27,J,France,Paris,1528
27,K,France,Paris,1529
27,121531,France,Paris,1530
27,4,France,Paris,1530
27,4.1:1532,France,Paris,1530
27,M,France,Paris,1530
27,N,France,Paris,1530
58,J,France,Paris,1530
15,5:1535,France,Paris,1533
27,4.2,France,Paris,1533
27,01536,France,Paris,1533
27,К,France,Paris,1533
27,2.1,France,Paris,1533
61,1,France,Paris,1537
27,3.2,France,Paris,1538
14,A.2,France,Paris,1540
27,4.4,France,Paris,1540
57,3,France,Paris,154057
27,4.5,France,Paris,1541
27,5,France,Paris,1542
27,U,France,Paris,1542
27,8,France,Paris,1543
27,V,France,Paris,1543
29,E,France,Paris,1543
15,D,France,Paris,1544
27,Y,France,Paris,1544
27,2,France,Paris,1545
29,E,France,Paris,1545
44,2,France,Paris,1545
27,3.4,France,Paris,1546
29,B,France,Paris,1547-82
53,1.2,France,Paris,1548
29,E,France,Paris,1549
7,K,France,Paris,1550
27,АА,France,Paris,1550
27,BB,France,Paris,1550
29,E,France,Paris,1550
7,E,France,Paris,1551
7,K,France,Paris,1551
12,1,France,Paris,1551
12,A,France,Paris,1551
27,11,France,Paris,1551
27,CC,France,Paris,1551
27,EE,France,Paris,1551
27,FF,France,Paris,1551
27,GG,France,Paris,1551
29,A,France,Paris,1551
29,E,France,Paris,1551
7,E,France,Paris,1553
27,3.6,France,Paris,1553
27,НН,France,Paris,1553
27,JJ,France,Paris,1553
29,A,France,Paris,1553
29,E,France,Paris,1553
41,3.1,France,Paris,1553
12,2,France,Paris,1555
12,3,France,Paris,1555
12,4,France,Paris,1555
12,5,France,Paris,1555
12,6,France,Paris,1555
12,7,France,Paris,1555
12,8,France,Paris,1555
12,9,France,Paris,1555
12,10,France,Paris,1555
12,11,France,Paris,1555
12,12,France,Paris,1555
12,13,France,Paris,1555
12,14,France,Paris,1555
12,15,France,Paris,1555
12,16,France,Paris,1555
12,17,France,Paris,1555
12,18,France,Paris,1555
12,19,France,Paris,1555
12,B,France,Paris,1555
27,4.6,France,Paris,1555
27,КК,France,Paris,1556
27,LL,France,Paris,1556
29,E,France,Paris,1556
27,MM,France,Paris,1557
29,E,France,Paris,1557
29,F,France,Paris,1557
41,F,France,Paris,1557
77,B,France,Paris,1557
29,F,France,Paris,1558
29,E,France,Paris,1559
41,3.2,France,Paris,1559
59,6,France,Paris,1559
44,4,France,Paris,са. 1559-60
27,ММ,France,Paris,1560
29,5,France,Paris,1560
44,5,France,Paris,1560
29,E,France,Paris,1561
77,1,France,Paris,1562
77,2,France,Paris,1562
29,E,France,Paris,1563
77,3,France,Paris,1563
44,5.2,France,Paris,1565
77,4,France,Paris,1565
29,E,France,Paris,1569
25,11.4,France,Paris,1570
44,5.3,France,Paris,1570
5,A.ı,France,Paris,1572
29,Е,France,Paris,1572
44,5.5,France,Paris,1575
76,1.3,France,Paris,1575
77,C,France,Paris,1575
77,5,France,Paris,1575
77,6,France,Paris,1575
77,7,France,Paris,1575
77,8,France,Paris,1575
77,9,France,Paris,1575
77,10,France,Paris,1575
77,11,France,Paris,1575
77,12,France,Paris,1575
77,13,France,Paris,1575
77,14,France,Paris,1575
77,15,France,Paris,1575
77,16,France,Paris,1575
77,17,France,Paris,1575
77,18,France,Paris,1575
77,19,France,Paris,1575
77,20,France,Paris,1575
77,21,France,Paris,1575
77,22,France,Paris,1575
77,23,France,Paris,1575
77,24,France,Paris,1575
77,25,France,Paris,1575
77,26,France,Paris,1575
77,27,France,Paris,1575
77,28,France,Paris,1575
77,29,France,Paris,1575
77,30,France,Paris,1575
77,31,France,Paris,1575
77,32,France,Paris,1575
77,33,France,Paris,1575
77,34,France,Paris,1575
77,35,France,Paris,1575
77,36,France,Paris,1575
77,37,France,Paris,1575
77,38,France,Paris,1575
77,39,France,Paris,1575
41,3.3:1578,France,Paris,1576
29,5,France,Paris,1576
44,5.6,France,Paris,1576
51,11.2,France,Paris,1576
77,40,France,Paris,1576
77,33,France,Paris,1581
59,18,France,Paris,1583
59,1584,France,Paris,1583
77,0,France,Paris,1583
29,E,France,Paris,1585
77,46,France,Paris,1586
77,52,France,Paris,1586
77,54,France,Paris,1586
77,62,France,Paris,1586
77,77,France,Paris,1586
77,80,France,Paris,1586
77,85,France,Paris,1586
77,87,France,Paris,1586
77,95,France,Paris,1586
77,102,France,Paris,1586
77,103,France,Paris,1586
77,106,France,Paris,1586
77,113,France,Paris,1586
77,120,France,Paris,1586
77,123,France,Paris,1586
77,128,France,Paris,1586
77,129,France,Paris,1586
77,130,France,Paris,1586
77,131,France,Paris,1586
77,132,France,Paris,1586
77,133,France,Paris,1586
77,135,France,Paris,1586
77,136,France,Paris,1586
77,138,France,Paris,1586
77,139,France,Paris,1586
77,140,France,Paris,1586
77,142,France,Paris,1586
77,143,France,Paris,1586
77,148,France,Paris,1586
77,152,France,Paris,1586
77,154,France,Paris,1586
77,156,France,Paris,1586
77,158,France,Paris,1586
77,159,France,Paris,1586
77,160,France,Paris,1586
77,163,France,Paris,1586
77,164,France,Paris,1586
77,169,France,Paris,1586
77,175,France,Paris,1586
77,176,France,Paris,1586
77,177,France,Paris,1586
77,181,France,Paris,1586
77,182,France,Paris,1586
77,185,France,Paris,1586
77,186,France,Paris,1586
77,190,France,Paris,1586
77,197,France,Paris,1586
77,201,France,Paris,1586
77,202,France,Paris,1586
77,208,France,Paris,1586
77,209,France,Paris,1586
77,210,France,Paris,1586
77,212,France,Paris,1586
59,B.1,France,Rouen,1573
59,4.3,France,Rouen,1573
59,B,France,Rouen,1577
59,B,France,Rouen,1602
59,B,France,Rouen,1607
59,B,France,Rouen,1628
80,1,France,St. Die,1507
80,2,France,St. Die,1507
80,A,France,St. Die,1507
80,8:1509,France,Strasbourg,1508
80,3,France,Strasbourg,1508
80,4,France,Strasbourg,1511
23,1.6,France,Strasbourg,1513
80,E,France,Strasbourg,1513
80,5,France,Strasbourg,1513
80,6,France,Strasbourg,1513
80,7,France,Strasbourg,1513
80,8,France,Strasbourg,1513
80,9,France,Strasbourg,1513
80,10,France,Strasbourg,1513
80,11,France,Strasbourg,1513
80,12,France,Strasbourg,1513
80,13,France,Strasbourg,1513
80,14,France,Strasbourg,1513
80,15,France,Strasbourg,1513
80,16,France,Strasbourg,1513
80,17,France,Strasbourg,1513
80,18,France,Strasbourg,1513
80,19,France,Strasbourg,1513
80,20,France,Strasbourg,1513
80,21,France,Strasbourg,1513
80,22,France,Strasbourg,1513
80,23,France,Strasbourg,1513
80,24,France,Strasbourg,1513
80,25,France,Strasbourg,1513
80,26,France,Strasbourg,1513
80,27,France,Strasbourg,1513
80,28,France,Strasbourg,1513
80,29,France,Strasbourg,1513
80,30,France,Strasbourg,1513
80,31,France,Strasbourg,1513
80,32,France,Strasbourg,1513
80,33,France,Strasbourg,1513
80,34,France,Strasbourg,1513
80,35,France,Strasbourg,1513
80,36,France,Strasbourg,1513
80,37,France,Strasbourg,1513
80,38,France,Strasbourg,1513
80,39,France,Strasbourg,1513
80,40,France,Strasbourg,1513
80,41,France,Strasbourg,1513
80,42,France,Strasbourg,1513
80,43,France,Strasbourg,1513
80,44,France,Strasbourg,1513
80,45,France,Strasbourg,1513
80,46,France,Strasbourg,1513
80,47,France,Strasbourg,1513
80,48,France,Strasbourg,1513
80,49,France,Strasbourg,1513
80,50,France,Strasbourg,1513
80,51,France,Strasbourg,1513
80,52,France,Strasbourg,1516
28,C,France,Strasbourg,1518
28,D,France,Strasbourg,1519
28,E,France,Strasbourg,1519
28,F,France,Strasbourg,1520
80,4.1,France,Strasbourg,1520
28,G,France,Strasbourg,1522
28,11,France,Strasbourg,1522
28,H.1,France,Strasbourg,1522
80,54,France,Strasbourg,1522
728,J.1,France,Strasbourg,1525
28,K,France,Strasbourg,1525
28,L,France,Strasbourg,1523 or 24
28,54,France,Strasbourg,1525
28,56,France,Strasbourg,1525
28,57,France,Strasbourg,1525
28,B.1,France,Strasbourg,1525
28,G.1,France,Strasbourg,1525
28,N,France,Strasbourg,1525
28,54.1,France,Strasbourg,1527
28,N.1,France,Strasbourg,1527
80,4.2,France,Strasbourg,1527
80,D.2,France,Strasbourg,1527
28,0,France,Strasbourg,1529
28,54.2,France,Strasbourg,1530
28,N.2,France,Strasbourg,1530
28,N.3,France,Strasbourg,1530
28,P,France,Strasbourg,1530
28,54.3,France,Strasbourg,1531
86,E,France,Strasbourg,1532
86,11,France,Strasbourg,1532
86,12,France,Strasbourg,1532
86,13,France,Strasbourg,1532
86,14,France,Strasbourg,1532
86,15,France,Strasbourg,1532
86,16,France,Strasbourg,1532
86,17,France,Strasbourg,1532
86,18,France,Strasbourg,1532
86,E.1,France,Strasbourg,1536
86,11,France,Strasbourg,1536
86,12,France,Strasbourg,1536
86,13,France,Strasbourg,1536
86,14,France,Strasbourg,1536
86,15,France,Strasbourg,1536
86,16,France,Strasbourg,1536
86,17,France,Strasbourg,1536
86,18,France,Strasbourg,1536
82,1,France,Strasbourg,1537
24,E,France,Strasbourg,1540
24,F,France,Strasbourg,1541
82,B.2,France,Strasbourg,1542
82,1.1,France,Strasbourg,1542
-27,X,France,Strasbourg,1544
84,5,France,Strasbourg,1549 Or 50
65,A,France,Strasbourg,1552
84,6,France,Strasbourg,1553
84,5.5,France,Strasbourg,1556
29,E,France,Strasbourg,1559
84,5.6,France,Strasbourg,1560
38,1.14,France,Strasbourg,1587
49,27.1,France,Strasbourg,1620
79,8.8,France,Strasbourg,1621
79,8.10,France,Strasbourg,1630
,1.6,France,Strasbourg,1630
19,1.4,France,Tours,1594
59,5.3,France,Tours,1594
74,2.2,France,Tours,1594
74,3.176,France,Tours,1594
76,1.4,France,Tours,1619
9,A,Germany,Augsburg,1518
64,C,Germany,Augsburg,1521?
3,A,Germany,Augsburg,1530
16,E,Germany,Augsburg,1547
79,8.9,Germany,Augsburg,1621
8,2.7a,Germany,Augsburg,1684
8,2.7b,Germany,Augsburg,1684
54,1.4,Germany,Augsburg,1776
54,1.4,Germany,Augsburg,1784
8,2.5,Germany,Augsburg,1866
8,2.13,Germany,Berlin,1766
55,A,Germany,Celle,1583
55,7,Germany,Celle,1593
79,1.1,Germany,Cologne,1536
79,4,Germany,Cologne,154057
7,K,Germany,Cologne,1544
79,5,Germany,Cologne,1545
79,A,Germany,Cologne,1549
79,5.1,Germany,Cologne,1549
86,D,Germany,Cologne,1550
79,8,Germany,Cologne,1555
79,9,Germany,Cologne,1555
79,8.1,Germany,Cologne,1558
79,8.2,Germany,Cologne,1560
29,Е,Germany,Cologne,1564
56,С,Germany,Cologne,1569
72,7.1,Germany,Cologne,1570
29,E,Germany,Cologne,1571
6,11.5,Germany,Cologne,1572
50,E.1,Germany,Cologne,1572
51,1.3,Germany,Cologne,1572
55,3.1,Germany,Cologne,1572
68,2.1,Germany,Cologne,1572
87,13.1,Germany,Cologne,1572
88,6.1,Germany,Cologne,1572
29,7.1,Germany,Cologne,1573?
7,E,Germany,Cologne,1574
29,A,Germany,Cologne,1574
47,2.1,Germany,Cologne,1574
47,3.1,Germany,Cologne,1574
70,11.1,Germany,Cologne,1574
70,12.1,Germany,Cologne,1574
88,10.1,Germany,Cologne,1575
29,E,Germany,Cologne,1576
29,B,Germany,Cologne,1578
56,39,Germany,Cologne,1578
56,40,Germany,Cologne,1578
56,41,Germany,Cologne,1578
56,42,Germany,Cologne,1578
56,43,Germany,Cologne,1578
56,44,Germany,Cologne,1578
56,45,Germany,Cologne,1578
56,46,Germany,Cologne,1578
56,47,Germany,Cologne,1578
56,48,Germany,Cologne,1578
56,49,Germany,Cologne,1578
56,50,Germany,Cologne,1578
56,51,Germany,Cologne,1578
56,52,Germany,Cologne,1578
56,53,Germany,Cologne,1578
56,54,Germany,Cologne,1578
56,55,Germany,Cologne,1578
56,56,Germany,Cologne,1578
56,57,Germany,Cologne,1578
56,58,Germany,Cologne,1578
56,59,Germany,Cologne,1578
56,60,Germany,Cologne,1578
56,61,Germany,Cologne,1578
56,62,Germany,Cologne,1578
56,63,Germany,Cologne,1578
56,64,Germany,Cologne,1578
56,65,Germany,Cologne,1578
56,66,Germany,Cologne,1578
56,E,Germany,Cologne,1578
56,E.1,Germany,Cologne,1584
45,5,Germany,Cologne,1585
51,11.3,Germany,Cologne,1585
61,1.3,Germany,Cologne,1587
35,1.5,Germany,Cologne,1589
70,8.3,Germany,Cologne,ca. 1590
29,E,Germany,Cologne,1592
8,2.11,Germany,Cologne,1594
11,1.3,Germany,Cologne,1594
25,4.12,Germany,Cologne,1594
30,88.5,Germany,Cologne,1594
35,1.6,Germany,Cologne,1594
38,1.15,Germany,Cologne,1594
56,6.15,Germany,Cologne,1594
56,17.3,Germany,Cologne,1594
64,1.9,Germany,Cologne,1594
65,3.2,Germany,Cologne,1594
66,1.8,Germany,Cologne,1594
67,1.4,Germany,Cologne,1594
68,1.4,Germany,Cologne,1594
70,7.3,Germany,Cologne,1594
70,18.1,Germany,Cologne,1594
78,1.14,Germany,Cologne,1594
84,2.7,Germany,Cologne,1594
65,1.2,Germany,Cologne,1595
72,6.1,Germany,Cologne,1595
34,1.4,Germany,Cologne,1596
56,17.4,Germany,Cologne,1596
79,8.6,Germany,Cologne,1596
55,5,Germany,Cologne,1598
55,6,Germany,Cologne,1598
30,88.5,Germany,Cologne,1600
34,1.4,Germany,Cologne,1600
35,1.6,Germany,Cologne,1600
38,1.15,Germany,Cologne,1600
56,6.15,Germany,Cologne,1600
56,17.3,Germany,Cologne,1600
85,1.7,Germany,Cologne,1600
79,8.7,Germany,Cologne,1604
30,88.5,Germany,Cologne,1608
34,1.4,Germany,Cologne,1608
35,1.6,Germany,Cologne,1608
38,1.15,Germany,Cologne,1608
51,5.3,Germany,Cologne,1608
55,7.1,Germany,Cologne,1608
56,6.15,Germany,Cologne,1608
56,17.3,Germany,Cologne,1608
79,8.5,Germany,Cologne,"after
1630?"
56,13,Germany,Duisburg,1554
56,16,Germany,Duisburg,1564
56,18,Germany,Duisburg,1569
56,17,Germany,Duisburg,1569
8,2.10,Germany,Duisburg,1585
56,67,Germany,Duisburg,1585
56,68,Germany,Duisburg,1585
56,69,Germany,Duisburg,1585
56,70,Germany,Duisburg,1585
56,71,Germany,Duisburg,1585
56,72,Germany,Duisburg,1585
56,73,Germany,Duisburg,1585
56,74,Germany,Duisburg,1585
56,75,Germany,Duisburg,1585
56,76,Germany,Duisburg,1585
56,77,Germany,Duisburg,1585
56,78,Germany,Duisburg,1585
56,79,Germany,Duisburg,1585
56,80,Germany,Duisburg,1585
56,81,Germany,Duisburg,1585
56,82,Germany,Duisburg,1585
56,83,Germany,Duisburg,1585
56,84,Germany,Duisburg,1585
56,85,Germany,Duisburg,1585
56,86,Germany,Duisburg,1585
56,87,Germany,Duisburg,1585
56,88,Germany,Duisburg,1585
56,89,Germany,Duisburg,1585
56,90,Germany,Duisburg,1585
56,91,Germany,Duisburg,1585
56,92,Germany,Duisburg,1585
56,93,Germany,Duisburg,1585
56,94,Germany,Duisburg,1585
56,95,Germany,Duisburg,1585
56,96,Germany,Duisburg,1585
56,97,Germany,Duisburg,1585
56,98,Germany,Duisburg,1585
56,99,Germany,Duisburg,1585
56,100,Germany,Duisburg,1585
56,101,Germany,Duisburg,1585
56,102,Germany,Duisburg,1585
56,103,Germany,Duisburg,1585
56,104,Germany,Duisburg,1585
56,105,Germany,Duisburg,1585
56,106,Germany,Duisburg,1585
56,107,Germany,Duisburg,1585
56,108,Germany,Duisburg,1585
56,109,Germany,Duisburg,1585
56,110,Germany,Duisburg,1585
56,111,Germany,Duisburg,1585
56,112,Germany,Duisburg,1585
56,113,Germany,Duisburg,1585
56,114,Germany,Duisburg,1585
56,115,Germany,Duisburg,1585
56,116,Germany,Duisburg,1585
56,117,Germany,Duisburg,1585
56,118,Germany,Duisburg,1585
56,F,Germany,Duisburg,1585
56,G,Germany,Duisburg,1585
56,H,Germany,Duisburg,1585
56,J,Germany,Duisburg,1585
56,K,Germany,Duisburg,1585
59,5.2,Germany,Duisburg,1585
56,L,Germany,Duisburg,1589
56,119,Germany,Duisburg,1589
56,120,Germany,Duisburg,1589
56,121,Germany,Duisburg,1589
56,122,Germany,Duisburg,1589
56,123,Germany,Duisburg,1589
56,124,Germany,Duisburg,1589
56,125,Germany,Duisburg,1589
56,126,Germany,Duisburg,1589
56,127,Germany,Duisburg,1589
56,128,Germany,Duisburg,1589
56,129,Germany,Duisburg,1589
56,130,Germany,Duisburg,1589
56,131,Germany,Duisburg,1589
56,132,Germany,Duisburg,1589
56,133,Germany,Duisburg,1589
56,134,Germany,Duisburg,1589
56,135,Germany,Duisburg,1589
56,136,Germany,Duisburg,1589
56,137,Germany,Duisburg,1589
56,138,Germany,Duisburg,1589
56,139,Germany,Duisburg,1589
56,140,Germany,Duisburg,1589
56,141,Germany,Duisburg,1589
56,38.1,Germany,Duisburg,1595
56,142,Germany,Duisburg,1595
56,143,Germany,Duisburg,1595
56,144,Germany,Duisburg,1595
56,145,Germany,Duisburg,1595
56,146,Germany,Duisburg,1595
56,147,Germany,Duisburg,1595
56,148,Germany,Duisburg,1595
56,149,Germany,Duisburg,1595
56,150,Germany,Duisburg,1595
56,151,Germany,Duisburg,1595
56,152,Germany,Duisburg,1595
56,153,Germany,Duisburg,1595
56,154,Germany,Duisburg,1595
56,155,Germany,Duisburg,1595
56,156,Germany,Duisburg,1595
56,157,Germany,Duisburg,1595
56,158,Germany,Duisburg,1595
56,159,Germany,Duisburg,1595
56,160,Germany,Duisburg,1595
56,161,Germany,Duisburg,1595
56,162,Germany,Duisburg,1595
56,163,Germany,Duisburg,1595
56,164,Germany,Duisburg,1595
56,165,Germany,Duisburg,1595
56,166,Germany,Duisburg,1595
56,167,Germany,Duisburg,1595
56,168,Germany,Duisburg,1595
56,169,Germany,Duisburg,1595
56,170,Germany,Duisburg,1595
56,M,Germany,Duisburg,1595
56,N,Germany,Duisburg,1595
56,M,Germany,Düsseldorf,1595
23,1,Germany,Eichstatt,Ca. 1514
38,1.16,Germany,Bissleben,1601
58,P,Germany,Frankfurt am Main,1536
58,48,Germany,Frankfurt am Main,1536
58,49,Germany,Frankfurt am Main,1536
9,J.1,Germany,Frankfurt am Main,1566
1,D[],Germany,Frankfurt am Main,1576
9,J.2,Germany,Frankfurt am Main,1580
65,N,Germany,Frankfurt am Main,1581
26,F,Germany,Frankfurt am Main,1590
79,8.5,Germany,Frankfurt am Main,1594
56,17.3,Germany,Frankfurt am Main,1597
56,E.1,Germany,Frankfurt am Main,1605
56,17.3,Germany,Frankfurt am Main,1624
38,1.19,Germany,Frankfurt am Main,1650
51,G,Germany,Frankfurt am Main,1671
8,2.12,Germany,Frankfurt am Main,ca. 1750
8,2.14,Germany,Frankfurt am Main,1778
66,A,Germany,Görlitz,1567
66,1,Germany,Görlitz,1569
66,C,Germany,Görlitz,1571
66,D,Germany,Görlitz,1572
66,E,Germany,Görlitz,1572
66,1.2,Germany,Görlitz,1574
66,C,Germany,Görlitz,1574
66,1.3,Germany,Görlitz,1575?
66,1.4,Germany,Görlitz,1577
66,1.5,Germany,Görlitz,1578
66,H,Germany,Görlitz,1583
66,H,Germany,Görlitz,1585
66,Н,Germany,Görlitz,1586
66,C,Germany,Görlitz,1587
66,H,Germany,Görlitz,1587
66,E,Germany,Görlitz,1588
66,H,Germany,Görlitz,1588
66,Н,Germany,Görlitz,1589
66,Н,Germany,Görlitz,1590
66,H,Germany,Görlitz,1591
66,Н,Germany,Görlitz,1592
66,H,Germany,Görlitz,1593
66,2,Germany,Görlitz,1593
66,2.1,Germany,Görlitz,1595
66,2.2,Germany,Görlitz,1600?
28,M,Germany,Haguenau,1524
29,E,Germany,Halle,1625
45,3,Germany,Hamburg,1559
11,1.4,Germany,Hamburg,1733
61,1.2,Germany,Helmstedt,1581
7,F,Germany,Imgolstadt,1526
7,G,Germany,Imgolstadt,1527
7,H,Germany,Imgolstadt,1528
7,6,Germany,Imgolstadt,1528
7,9,Germany,Imgolstadt,1530
7,K,Germany,Imgolstadt,1532
7,L,Germany,Imgolstadt,1532
7,M,Germany,Imgolstadt,1532
7,10,Germany,Imgolstadt,1533
7,11,Germany,Imgolstadt,1533
7,11.1,Germany,Imgolstadt,1533
7,N,Germany,Imgolstadt,1533
7,1”,Germany,Imgolstadt,1533
7,Q,Germany,Imgolstadt,1533
7,R,Germany,Imgolstadt,1533
64,1,Germany,Imgolstadt,1533
7,T,Germany,Imgolstadt,1534
7,13,Germany,Imgolstadt,1536
7,W,Germany,Imgolstadt,1540
16,H,Germany,Imgolstadt,1551
9,D.1,Germany,Imgolstadt,1554
8,2.1,Germany,Imgolstadt,1568
8,2a,Germany,Imgolstadt,1568
8,2b,Germany,Imgolstadt,1568
55,2,Germany,Jena,1571
55,3,Germany,Jena,1571
47,2,Germany,Kalkar,1570
47,3,Germany,Kalkar,1570
70,11,Germany,Kalkar,1570
70,12,Germany,Kalkar,1570
70,13,Germany,Kalkar,1572
45,3.3,Germany,Krempe,1580
7,2,Germany,Landshut,1521 or 22
7,A,Germany,Landshut,1521 or 22
7,C,Germany,Landshut,1523
9,1.1,Germany,Landshut,1523
9,C,Germany,Landshut,1523
7,4,Germany,Landshut,1524
7,5,Germany,Landshut,1524
7,D,Germany,Landshut,1524
7,E,Germany,Landshut,1524
9,5,Germany,Landshut,1535
16,D,Germany,Leipzig,1542
29,E,Germany,Leipzig,1558
29,E,Germany,Leipzig,1559
29,E,Germany,Leipzig,1562
29,E,Germany,Leipzig,1565
29,E,Germany,Leipzig,1568
22,1.3,Germany,Leipzig,са. 1569
29,E,Germany,Leipzig,1572
29,E,Germany,Leipzig,1575
29,E,Germany,Leipzig,1580
29,E,Germany,Leipzig,1584
29,E,Germany,Leipzig,1588
29,E,Germany,Leipzig,1591
29,E,Germany,Leipzig,1592
29,E,Germany,Leipzig,1595
45,6.2,Germany,Leipzig,1597
29,E,Germany,Leipzig,1607
38,1.17,Germany,Leipzig,1625
38,1.1,Germany,Liegnitz,1605
64,B,Germany,Mainz,1521
7,K,Germany,Marburg,1543
8,2.6a,Germany,Munich,1579
8,2.6b,Germany,Munich,1579
8,2.2,Germany,Munich,1618-19
8,2.3a,Germany,Munich,1651
8,2.3b,Germany,Munich,1651
8,2.4,Germany,Munich,1802?
54,1,Germany,Münster,1568
23,1.4,Germany,Nuremberg,1493
28,A,Germany,Nuremberg,1513
9,В,Germany,Nuremberg,1522
83,А,Germany,Nuremberg,1529
83,B,Germany,Nuremberg,1530
7,5,Germany,Nuremberg,1533
83,CC.1,Germany,Nuremberg,1533
83,1,Germany,Nuremberg,1533
7,U,Germany,Nuremberg,1534
7,V,Germany,Nuremberg,1535
84,1.1,Germany,Nuremberg,1535
83,D,Germany,Nuremberg,1538
63,1,Germany,Nuremberg,1540
63,1,Germany,Nuremberg,1540
7,U,Germany,Nuremberg,1541
9,H.1,Germany,Nuremberg,1541
16,C,Germany,Nuremberg,1542
84,2.1,Germany,Nuremberg,1542
40,B,Germany,Nuremberg,1543
40,A,Germany,Nuremberg,1543
17,6.1,Germany,Nuremberg,1544
16,F,Germany,Nuremberg,1549
88,A,Germany,Nuremberg,1551
40,9.1,Germany,Nuremberg,1565
88,1,Germany,Nuremberg,1565
88,2,Germany,Nuremberg,1566
88,3,Germany,Nuremberg,1566
88,4,Germany,Nuremberg,1566
88,5,Germany,Nuremberg,1567
88,6,Germany,Nuremberg,1567
88,7,Germany,Nuremberg,1567
88,В,Germany,Nuremberg,1567
88,8,Germany,Nuremberg,1568
88,9,Germany,Nuremberg,1568
88,10,Germany,Nuremberg,1568
88,11,Germany,Nuremberg,1570
88,12,Germany,Nuremberg,1570
64,1.4,Germany,Nuremberg,1571
88,13,Germany,Nuremberg,1571
87,12.2,Germany,Nuremberg,1678
16,G.3,Germany,Nuremberg,1683
79,8.11,Germany,Nuremberg,1685
79,8.11,Germany,Nuremberg,1688
79,8.12,Germany,Nuremberg,Ca. 1700
58,45,Germany,Oppenheim,1525
58,B.1,Germany,Oppenheim,1528
58,46,Germany,Oppenheim,1528
7,B,Germany,Regensburg,1522
7,3,Germany,Regensburg,1522
9,E,Germany,Regensburg,1532
9,G,Germany,Regensburg,1532
16,L,Germany,Regensburg,1554
72,A,Germany,Rostock,1546
72,2,Germany,Rostock,1552
72,4,Germany,Rostock,1555
16,M,Germany,Rothenburg ob der Tauber,1560?
8,E,Germany,Tubingen,1586
8,F,Germany,Tubingen,1588
32,M.1,Germany,Ulm,1482
32,M.2,Germany,Ulm,1486
16,A,Germany,Ulm,1538
64,1.5,Germany,Ulm,1576
55,1,Germany,Weimar,1568
29,E,Germany,Wittenberg,1542
29,E,Germany,Wittenberg,1544
29,Е,Germany,Wittenberg,1548
29,E,Germany,Wittenberg,1550
45,1,Germany,Wittenberg,1550
29,E,Germany,Wittenberg,1551
72,1,Germany,Wittenberg,1552
29,E,Germany,Wittenberg,1553
29,E,Germany,Wittenberg,1555
29,E,Germany,Wittenberg,1556
72,5,Germany,Wittenberg,1557
29,E,Germany,Wittenberg,1558
72,6,Germany,Wittenberg,1560
72,B,Germany,Wittenberg,1560
29,E,Germany,Wittenberg,1561
29,E,Germany,Wittenberg,1563
72,B,Germany,Wittenberg,1563
29,E,Germany,Wittenberg,1566
29,E,Germany,Wittenberg,1567
72,6,Germany,Wittenberg,1567
29,E,Germany,Wittenberg,1570
72,B,Germany,Wittenberg,1571
45,A,Germany,Wittenberg,1572
29,E,Germany,Wittenberg,1574
29,E,Germany,Wittenberg,1576
29,E,Germany,Wittenberg,1579
29,E,Germany,Wittenberg,1583
29,E,Germany,Wittenberg,1587
72,B,Germany,Wittenberg,1590
29,E,Germany,Wittenberg,1593
72,B,Germany,Wittenberg,1595
72,B,Germany,Wittenberg,1603
29,E,Germany,Wittenberg,1604
16,G.2,Germany,Wittenberg,1612
29,Е,Germany,Wittenberg,1614
58,D,Germany,Worms,1529
58,E,Germany,Worms,1529
84,2.6,Germany,Zerbst,1592
18,A,Italy,Bergamo,1594
32,A.1,Italy,Bologna,1477
1,E.1[1577],Italy,Brescia,1598
64,1.10,Italy,Brescia,1598
78,1.15,Italy,Brescia,1598
23,1.3,Italy,Florence,са. 1492
33,F,Italy,Florence,1548
33,11:1550,Italy,Florence,1549
33,J,Italy,Florence,1549
33,K,Italy,Florence,1550-52
33,L,Italy,Florence,1551
34,А,Italy,Genoa,1516
34,D,Italy,Genoa,1537
52,A,Italy,Milan,1490
18,A,Italy,Milan,1541
79,5.3,Italy,Milan,1556
52,A.1,Italy,Milan,1699
32,B.1,Italy,Rome,1478
23,1.5,Italy,Rome,1507
23,1.5,Italy,Rome,1508
33,8:1525,Italy,Rome,1524
33,2,Italy,Rome,1524
33,C,Italy,Rome,1524
10,1,Italy,Rome,1536
71,1.1,Italy,Rome,"bef.
1544"
33,3,Italy,Rome,1546
23,1.8,Italy,Rome,1548
51,1,Italy,Rome,1552
51,A,Italy,Rome,1552
71,1.4,Italy,Rome,1552
51,2,Italy,Rome,1553
51,4,Italy,Rome,1554
53,1.3,Italy,Rome,1554
53,1.3,Italy,Rome,1555
53,В,Italy,Rome,1555
56,6.1,Italy,Rome,1555
78,1.4,Italy,Rome,1555
25,1.2,Italy,Rome,1556
82,1.4,Italy,Rome,1557
12,22.1,Italy,Rome,1558
30,2.2,Italy,Rome,1558
51,4,Italy,Rome,1558
51,5,Italy,Rome,1558
51,6,Italy,Rome,1558
51,7,Italy,Rome,1558
51,С,Italy,Rome,1558
51,8,Italy,Rome,1559
51,9,Italy,Rome,1559
60,1.5,Italy,Rome,1559
10,1.5,Italy,Rome,1560
30,86.1,Italy,Rome,1560
56,4.1,Italy,Rome,са. 1560-66
51,1.1,Italy,Rome,356057
30,85.1,Italy,Rome,1561
30,91,Italy,Rome,1561
30,92,Italy,Rome,1561
51,10,Italy,Rome,1561
51,11,Italy,Rome,1561
67,1,Italy,Rome,1561
51,12,Italy,Rome,1563
51,0,Italy,Rome,1563
10,1.7,Italy,Rome,1564
51,12,Italy,Rome,1564
25,7.4,Italy,Rome,1566
25,8.5,Italy,Rome,1566
51,E,Italy,Rome,1569
30,70.5,Italy,Rome,1570
30,84.1,Italy,Rome,1570
51,1.2,Italy,Rome,1570
56,6.9,Italy,Rome,1570
71,B.1,Italy,Rome,1570
30,2.4,Italy,Rome,1570s?
53,1.6,Italy,Rome,1572
51,E,Italy,Rome,1573
51,11.1,Italy,Rome,1574-5
30,90.5,Italy,Rome,1577
30,2.4,Italy,Rome,1582
30,90.7,Italy,Rome,1582
30,61.1,Italy,Rome,1590
30,62.2,Italy,Rome,1590
48,2.2,Italy,Rome,1596
30,90.7,Italy,Rome,1597
30,90.8,Italy,Rome,1599
10,1.3,Italy,Rome,1602
30,2.2,Italy,Rome,1602
30,70.5,Italy,Rome,1602
30,84.1,Italy,Rome,1602
30,84.3,Italy,Rome,1602
30,90.7,Italy,Rome,1602
51,11.4,Italy,Rome,1602
56,4.1,Italy,Rome,1602
10,1.3,Italy,Rome,1646
30,84.1,Italy,Rome,1647
51,11.5,Italy,Rome,са. 1650
30,2.4,Italy,Rome,1652
51,4,Italy,Rome,1691
51,13,Italy,Rome,1751
51,J.1,Italy,Rome,1751
51,11.6,Italy,Rome,1773
51,4,Italy,Rome,1775
51,11.7,Italy,Rome,18208
30,84.4,Italy,Siena,16027
30,84.4,Italy,Siena,1663
52,B,Italy,Turin,1508
10,1.2,Italy,Unknown city,1554
10,1.3,Italy,Unknown city,1558
12,22.3,Italy,Unknown city,1561
10,1.8,Italy,Unknown city,са. 1570
75,C,Italy,Venice,1511
87,15,Italy,Venice,15208
13,A.1,Italy,Venice,1528
13,3,Italy,Venice,1528
13,4,Italy,Venice,1528
13,5,Italy,Venice,1528
13,6,Italy,Venice,1528
13,7,Italy,Venice,1528
13,8,Italy,Venice,1528
13,9,Italy,Venice,1528
13,10,Italy,Venice,1528
13,11,Italy,Venice,1528
13,12,Italy,Venice,1528
13,13,Italy,Venice,1528
13,14,Italy,Venice,1528
13,15,Italy,Venice,1528
13,16,Italy,Venice,1528
13,17,Italy,Venice,1528
13,18,Italy,Venice,1528
13,19,Italy,Venice,1528
13,20,Italy,Venice,1528
13,21,Italy,Venice,1528
13,22,Italy,Venice,1528
13,23,Italy,Venice,1528
13,24,Italy,Venice,1528
13,25,Italy,Venice,1528
13,26,Italy,Venice,1528
13,27,Italy,Venice,1528
13,28,Italy,Venice,1528
13,29,Italy,Venice,1528
13,30,Italy,Venice,1528
13,31,Italy,Venice,1528
13,32,Italy,Venice,1528
13,33,Italy,Venice,1528
13,34,Italy,Venice,1528
13,35,Italy,Venice,1528
13,36,Italy,Venice,1528
13,37,Italy,Venice,1528
13,38,Italy,Venice,1528
13,39,Italy,Venice,1528
13,40,Italy,Venice,1528
13,41,Italy,Venice,1528
13,42,Italy,Venice,1528
13,43,Italy,Venice,1528
13,44,Italy,Venice,1528
13,45,Italy,Venice,1528
13,46,Italy,Venice,1528
13,47,Italy,Venice,1528
13,48,Italy,Venice,1528
13,49,Italy,Venice,1528
13,50,Italy,Venice,1528
13,51,Italy,Venice,1528
13,52,Italy,Venice,1528
13,53,Italy,Venice,1528
13,54,Italy,Venice,1528
13,55,Italy,Venice,1528
13,56,Italy,Venice,1528
13,57,Italy,Venice,1528
13,58,Italy,Venice,1528
13,59,Italy,Venice,1528
13,60,Italy,Venice,1528
13,61,Italy,Venice,1528
13,62,Italy,Venice,1528
13,63,Italy,Venice,1528
13,64,Italy,Venice,1528
13,65,Italy,Venice,1528
13,66,Italy,Venice,1528
13,67,Italy,Venice,1528
13,68,Italy,Venice,1528
13,69,Italy,Venice,1528
13,70,Italy,Venice,1528
13,71,Italy,Venice,1528
13,72,Italy,Venice,1528
13,73,Italy,Venice,1528
13,74,Italy,Venice,1528
13,75,Italy,Venice,1528
13,76,Italy,Venice,1528
13,77,Italy,Venice,1528
13,78,Italy,Venice,1528
13,79,Italy,Venice,1528
13,80,Italy,Venice,1528
13,81,Italy,Venice,1528
13,82,Italy,Venice,1528
13,83,Italy,Venice,1528
13,84,Italy,Venice,1528
13,85,Italy,Venice,1528
13,86,Italy,Venice,1528
13,87,Italy,Venice,1528
13,88,Italy,Venice,1528
13,89,Italy,Venice,1528
13,90,Italy,Venice,1528
13,91,Italy,Venice,1528
13,92,Italy,Venice,1528
13,93,Italy,Venice,1528
13,94,Italy,Venice,1528
13,95,Italy,Venice,1528
13,96,Italy,Venice,1528
13,97,Italy,Venice,1528
13,98,Italy,Venice,1528
13,99,Italy,Venice,1528
13,100,Italy,Venice,1528
13,101,Italy,Venice,1528
13,102,Italy,Venice,1528
13,103,Italy,Venice,1528
13,104,Italy,Venice,1528
13,105,Italy,Venice,1528
13,106,Italy,Venice,1528
13,107,Italy,Venice,1528
13,108,Italy,Venice,1528
13,109,Italy,Venice,1528
13,110,Italy,Venice,1528
13,111,Italy,Venice,1528
13,112,Italy,Venice,1528
13,113,Italy,Venice,1528
21,C.2,Italy,Venice,1528
23,1.7,Italy,Venice,1530
33,0,Italy,Venice,1530
7,К,Italy,Venice,1533
13,А.2,Italy,Venice,1534
7,К,Italy,Venice,1555
27,3.1,Italy,Venice,1536
7,K,Italy,Venice,1537
13,A.3,Italy,Venice,1537
87,8,Italy,Venice,1538
87,7,Italy,Venice,1538
30,A,Italy,Venice,1539
53,1,Italy,Venice,1539
53,A,Italy,Venice,1539
53,A.1,Italy,Venice,1539
21,0,Italy,Venice,1540
82,1.2,Italy,Venice,1540s
7,К,Italy,Venice,1541
30,1,Italy,Venice,1544
71,С,Italy,Venice,1544
30,2,Italy,Venice,1545
71,D,Italy,Venice,1545
87,10,Italy,Venice,1545
87,11,Italy,Venice,1545
30,3,Italy,Venice,1546
30,4,Italy,Venice,1546
33,5,Italy,Venice,1546
76,A,Italy,Venice,1546
87,13,Italy,Venice,1546
13,A.4,Italy,Venice,1547
30,C,Italy,Venice,"1548
30/ 3-64"
33,2.2,Italy,Venice,"1548
30/ 3-64"
33,G,Italy,Venice,"1548
30/ 3-64"
10,11,Italy,Venice,1550
30,65,Italy,Venice,1550
30,67,Italy,Venice,1550
30,68,Italy,Venice,1550
30,72,Italy,Venice,1550
82,1.3,Italy,Venice,1550
84,5.3,Italy,Venice,1550
7,K,Italy,Venice,1551
60,1,Italy,Venice,1551
27,3.5,Italy,Venice,1552
30,70,Italy,Venice,1552
7,6.1,Italy,Venice,1553
27,3.7,Italy,Venice,1553
30,70.1,Italy,Venice,1553
51,B,Italy,Venice,1553
7,K,Italy,Venice,1554
30,7375,Italy,Venice,1554
51,4,Italy,Venice,1554
60,A,Italy,Venice,1554
30,76,Italy,Venice,1555
25,4.3,Italy,Venice,1556
30,76.1,Italy,Venice,1556
30,78,Italy,Venice,1556
30,79,Italy,Venice,1556
30,80,Italy,Venice,1556
30,81,Italy,Venice,1556
30,82,Italy,Venice,1556
30,83,Italy,Venice,1556
56,6.2,Italy,Venice,1556
4,11:1558,Italy,Venice,1557
6,8.2,Italy,Venice,1557
25,8.3,Italy,Venice,1557
56,6.3,Italy,Venice,1557
60,1.3,Italy,Venice,1557
79,54,Italy,Venice,1557
85,A,Italy,Venice,1557
85,1,Italy,Venice,1557
10,1.4,Italy,Venice,1559
30,70.2,Italy,Venice,1559
30,85,Italy,Venice,1559
30,86,Italy,Venice,1559
30,12,Italy,Venice,1559
33,11,Italy,Venice,1559
33,A.1,Italy,Venice,1559
87,14,Italy,Venice,1559
30,3.2,Italy,Venice,1560
30,70.3,Italy,Venice,1560
30,87,Italy,Venice,1560
30,88,Italy,Venice,1560
30,89,Italy,Venice,1560
30,E,Italy,Venice,1560
30,E.1,Italy,Venice,1560
59,4.1,Italy,Venice,1560
60,1.6,Italy,Venice,1560
85,1.3,Italy,Venice,15608
85,1.4,Italy,Venice,15608
4,1.2,Italy,Venice,1561
30,C.1,Italy,Venice,1561
30,G,Italy,Venice,1561
30,76.2,Italy,Venice,1561
30,90,Italy,Venice,1561
30,91,Italy,Venice,1561
30,92,Italy,Venice,1561
30,93,Italy,Venice,1561
30,J,Italy,Venice,1561
85,1.1,Italy,Venice,1561
6,8.4,Italy,Venice,1562
12,20.1,Italy,Venice,1562
23,1.9,Italy,Venice,1562
30,3.2,Italy,Venice,1562
30,68.1,Italy,Venice,1562
30,68.2,Italy,Venice,1562
30,70.3,Italy,Venice,1562
30,96,Italy,Venice,1562
30,97,Italy,Venice,1562
30,98.1,Italy,Venice,1562
30,C.1,Italy,Venice,1562
30,J.1,Italy,Venice,1562
10,1.6,Italy,Venice,1563
25,7.327,Italy,Venice,1563
30,73.1,Italy,Venice,1563
30,74.1,Italy,Venice,1563
30,75.1,Italy,Venice,1563
30,93.1,Italy,Venice,1563
30,98.2,Italy,Venice,1563
59,4.1,Italy,Venice,1563
78,1.6,Italy,Venice,1563
82,1.5,Italy,Venice,1563
30,61.1,Italy,Venice,1564
30,62.2,Italy,Venice,1564
30,70.4,Italy,Venice,1564
30,73.2,Italy,Venice,1564
30,74.2,Italy,Venice,1564
30,75.2,Italy,Venice,1564
30,98.3,Italy,Venice,1564
30,103,Italy,Venice,1564
30,C.1,Italy,Venice,1564
30,D.1,Italy,Venice,1564
30,F,Italy,Venice,1564
30,G.1,Italy,Venice,1564
71,1.7,Italy,Venice,1564
30,J,Italy,Venice,"15656 1 30/
98.4"
25,1.4,Italy,Venice,1566
25,8.4,Italy,Venice,1566
27,2.3,Italy,Venice,1566
27,3.11,Italy,Venice,1566
30,2.3,Italy,Venice,1566
30,61.2,Italy,Venice,1566
30,62.3,Italy,Venice,1566
30,68.3,Italy,Venice,1566
30,76.2,Italy,Venice,1566
30,86.2,Italy,Venice,1566
30,88.1,Italy,Venice,1566
30,88.2,Italy,Venice,1566
30,98.2,Italy,Venice,1566
30,103.1,Italy,Venice,1566
53,1.4,Italy,Venice,1566
71,1.8,Italy,Venice,1566
25,1.5,Italy,Venice,1567
25,4.7,Italy,Venice,1567
29,E,Italy,Venice,1567
30,90.1,Italy,Venice,1567
30,93.2,Italy,Venice,1567
30,105,Italy,Venice,1567
30,106,Italy,Venice,1567
34,1.2,Italy,Venice,1567
56,6.7,Italy,Venice,1567
78,1.9,Italy,Venice,1567
30,86.3,Italy,Venice,1568
30,96.1a,Italy,Venice,1568
30,96.1b,Italy,Venice,1568
30,107,Italy,Venice,1568
30,108,Italy,Venice,1568
21,27.1,Italy,Venice,1569
21,27.2,Italy,Venice,1569
30,88.3,Italy,Venice,1569
30,90.1,Italy,Venice,1569
30,93.2,Italy,Venice,1569
1,4.1,Italy,Venice,1570
30,62.4,Italy,Venice,1570
30,84.2,Italy,Venice,1570
30,85.2,Italy,Venice,1570
30,91.1,Italy,Venice,1570
30,92.1,Italy,Venice,1570
30,93.3,Italy,Venice,1570
30,103,Italy,Venice,1570
30,103.2,Italy,Venice,1570
30,108.1,Italy,Venice,1570
35,1.4,Italy,Venice,1570
59,4.2,Italy,Venice,1570
10,1.3,Italy,Venice,15708
30,2.5,Italy,Venice,15708
30,90.3,Italy,Venice,15708
30,D.2,Italy,Venice,15708
30,H,Italy,Venice,15708
21,27.3,Italy,Venice,1571
30,107,Italy,Venice,1571
30,90.1,Italy,Venice,1572
21,27.4,Italy,Venice,1573
30,C.1,Italy,Venice,1574
30,76.2,Italy,Venice,1578
30,98.8,Italy,Venice,1579
30,93.2,Italy,Venice,1581
77,B,Italy,Venice,1584
27,2.4,Italy,Venice,1586-87?
30,3.2,Italy,Venice,1594
1,4.2,Italy,Venice,1595
56,17.5,Italy,Venice,1596
85,1.6,Italy,Venice,1596
21,27.6,Italy,Venice,1598
29,F,Italy,Venice,1598
30,93.1,Italy,Venice,1599
41,A,Italy,Venice,1599
30,3.2,Italy,Venice,1651
51,H,Italy,Venice,1676
30,3.2,Italy,Venice,1751
27,2.2,Italy,Venice,1795
85,1.8,Italy,Venice,1808
6,5,Netherlands,Amsterdam,1542
6,11,Netherlands,Amsterdam,1544
6,11.1,Netherlands,Amsterdam,15467
6,A.2,Netherlands,Amsterdam,1558
65,G,Netherlands,Amsterdam,1574
66,1.7,Netherlands,Amsterdam,1579
7,E,Netherlands,Amsterdam,1592
29,A,Netherlands,Amsterdam,1592
56,17.6,Netherlands,Amsterdam,1597
26,G,Netherlands,Amsterdam,1598
29,A,Netherlands,Amsterdam,1598
67,1.5,Netherlands,Amsterdam,1600
56,E.1,Netherlands,Amsterdam,1605
7,E,Netherlands,Amsterdam,1609
29,A,Netherlands,Amsterdam,1609
56,E.1,Netherlands,Amsterdam,1618-19
6,11.7,Netherlands,Amsterdam,ca. 1625
55,7.2,Netherlands,Amsterdam,1630
76,1.5,Netherlands,Amsterdam,1631
55,7.3,Netherlands,Amsterdam,1633
66,2.3,Netherlands,Amsterdam,1638
29,E,Netherlands,Amsterdam,1652
66,D.1,Netherlands,Amsterdam,1670
56,E.1,Netherlands,Amsterdam,1704
56,E.1,Netherlands,Amsterdam,1730
6,11.3,Netherlands,Amsterdam,after 1553
6,16,Netherlands,Amsterdam,after 1553
6,11.8,Netherlands,Amsterdam,after 1636
25,7.6,Netherlands,Deventer,1584
56,E.1,Netherlands,Franeker,1695
56,E.1,Netherlands,Franeker,1698
25,4.8,Netherlands,The Hague,1569
56,E.1,Netherlands,Leiden,1618-19
26,M,Netherlands,Leiden,1619
71,1.13,Netherlands,Leiden,1699
71,А.2,Netherlands,Leiden,1699
56,E.1,Netherlands,Leiden,1704
51,1111723,Netherlands,Leiden,1722
51,J,Netherlands,Leiden,1722
52,A.2,Netherlands,Leiden,1722
43,1.6,Netherlands,Middelburg,1598
56,E.1,Netherlands,Utrecht,1695
56,E.1,Netherlands,Utrecht,1698
56,Е.1,Netherlands,Utrecht,1704
84,B,Poland,Gdansk,1540
80,2.5,Poland,Kraków,1512
41,1,Poland,Kraków,1530
41,2,Poland,Kraków,1530
41,A,Poland,Kraków,1530
41,А,Poland,Kraków,1534
40,4.9,Poland,Kraków,1611
5,C,Poland,Nysa,1566
41,B,Poland,Wrocław,1542
38,1,Poland,Wrocław,1561
38,2,Poland,Wrocław,1561
38,А,Poland,Wrocław,1564
38,B,Poland,Wrocław,са. 15707
38,C,Poland,Wrocław,са. 15707
38,12,Poland,Wrocław,1627
38,1.3,Poland,Wrocław,1642
38,1.4,Poland,Wrocław,1685
38,Ал,Poland,Wrocław,1738
38,1.5,Poland,Wrocław,1738
38,1.6,Poland,Wrocław,1765
20,B,Portugal,Lisbon,1576
41,B,Romania,Braşov,1541
41,5,Romania,Braşov,1542
41,6,Romania,Braşov,1542
41,7,Romania,Braşov,1542
41,8,Romania,Braşov,1542
41,9,Romania,Braşov,1542
41,10,Romania,Braşov,1542
41,11,Romania,Braşov,1542
41,12,Romania,Braşov,1542
41,13,Romania,Braşov,1542
41,14,Romania,Braşov,1542
41,15,Romania,Braşov,1542
41,16,Romania,Braşov,1542
41,17,Romania,Braşov,1542
41,18,Romania,Braşov,1542
41,19,Romania,Braşov,1542
41,20,Romania,Braşov,1542
41,B,Romania,Braşov,1542
41,C,Romania,Braşov,1542
41,B,Romania,Braşov,1548 or 49
41,C,Romania,Braşov,1548 or 49
41,B,Romania,Braşov,1577
41,C,Romania,Braşov,1577
20,B,Spain,Pamplona,1585
20,A,Spain,Seville,1545
20,B,Spain,Seville,1548
20,B,Spain,Seville,1550
20,B,Spain,Seville,1554
20,B,Spain,Seville,1561
20,B,Spain,Seville,1566
20,B,Spain,Seville,1572
20,B,Spain,Seville,1576
20,B,Spain,Seville,1580
20,B,Spain,Seville,1581
20,B,Spain,Seville,1584
20,B,Spain,Seville,1588
58,C,Switzerland,Basel,1527
58,F,Switzerland,Basel,1530
58,G,Switzerland,Basel,1531
86,D,Switzerland,Basel,1531
41,4,Switzerland,Basel,1532
58,58,Switzerland,Basel,1532
58,47,Switzerland,Basel,1532
41,A,Switzerland,Basel,1534
58,L,Switzerland,Basel,1534
58,M,Switzerland,Basel,1534
27,P,Switzerland,Basel,1535
41,A,Switzerland,Basel,1535
58,N,Switzerland,Basel,1536
58,O,Switzerland,Basel,1536
86,F,Switzerland,Basel,1536
58,50,Switzerland,Basel,1537
58,52,Switzerland,Basel,1538
58,53,Switzerland,Basel,1538
58,54,Switzerland,Basel,1538
58,55,Switzerland,Basel,1538
58,56,Switzerland,Basel,1538
58,57,Switzerland,Basel,1538
58,58,Switzerland,Basel,1538
58,59,Switzerland,Basel,1538
58,60,Switzerland,Basel,1538
58,61,Switzerland,Basel,1538
58,62,Switzerland,Basel,1538
58,63,Switzerland,Basel,1538
58,64,Switzerland,Basel,1538
58,65,Switzerland,Basel,1538
58,66,Switzerland,Basel,1538
58,67,Switzerland,Basel,1538
58,68,Switzerland,Basel,1538
58,69,Switzerland,Basel,1538
58,70,Switzerland,Basel,1538
58,71,Switzerland,Basel,1538
58,72,Switzerland,Basel,1538
58,Q,Switzerland,Basel,1538
78,A,Switzerland,Basel,1538
78,B,Switzerland,Basel,1538
58,R,Switzerland,Basel,1540
58,73,Switzerland,Basel,1540
58,74,Switzerland,Basel,1540
58,75,Switzerland,Basel,1540
58,76,Switzerland,Basel,1540
58,77,Switzerland,Basel,1540
58,78,Switzerland,Basel,1540
58,79,Switzerland,Basel,1540
58,80,Switzerland,Basel,1540
58,81,Switzerland,Basel,1540
58,82,Switzerland,Basel,1540
58,83,Switzerland,Basel,1540
58,84,Switzerland,Basel,1540
58,85,Switzerland,Basel,1540
58,86,Switzerland,Basel,1540
58,87,Switzerland,Basel,1540
58,88,Switzerland,Basel,1540
58,89,Switzerland,Basel,1540
58,90,Switzerland,Basel,1540
58,91,Switzerland,Basel,1540
58,92,Switzerland,Basel,1540
58,93,Switzerland,Basel,1540
58,94,Switzerland,Basel,1540
58,95,Switzerland,Basel,1540
58,96,Switzerland,Basel,1540
58,97,Switzerland,Basel,1540
58,98,Switzerland,Basel,1540
58,99,Switzerland,Basel,1540
58,100,Switzerland,Basel,1540
58,101,Switzerland,Basel,1540
58,102,Switzerland,Basel,1540
58,103,Switzerland,Basel,1540
58,104,Switzerland,Basel,1540
58,105,Switzerland,Basel,1540
58,106,Switzerland,Basel,1540
58,107,Switzerland,Basel,1540
58,108,Switzerland,Basel,1540
58,109,Switzerland,Basel,1540
58,110,Switzerland,Basel,1540
58,111,Switzerland,Basel,1540
58,112,Switzerland,Basel,1540
58,113,Switzerland,Basel,1540
58,114,Switzerland,Basel,1540
58,115,Switzerland,Basel,1540
58,116,Switzerland,Basel,1540
58,117,Switzerland,Basel,1540
58,118,Switzerland,Basel,1540
58,119,Switzerland,Basel,1540
58,120,Switzerland,Basel,1540
78,1.3,Switzerland,Basel,1540
41,3,Switzerland,Basel,1541
41,4.1,Switzerland,Basel,1544
53,1.1,Switzerland,Basel,1544
58,92a,Switzerland,Basel,1544
58,106a,Switzerland,Basel,1544
58,121,Switzerland,Basel,1544
58,122,Switzerland,Basel,1544
58,123,Switzerland,Basel,1544
58,124,Switzerland,Basel,1544
58,125,Switzerland,Basel,1544
58,126,Switzerland,Basel,1544
58,127,Switzerland,Basel,1544
58,128,Switzerland,Basel,1544
58,129,Switzerland,Basel,1544
58,S,Switzerland,Basel,1544
71,1.2,Switzerland,Basel,1544
41,4.1,Switzerland,Basel,1545
53,1.1,Switzerland,Basel,1545
58,106b,Switzerland,Basel,1545
58,130,Switzerland,Basel,1545
58,131,Switzerland,Basel,1545
58,132,Switzerland,Basel,1545
58,133,Switzerland,Basel,1545
58,134,Switzerland,Basel,1545
58,132,Switzerland,Basel,1545
58,133,Switzerland,Basel,1545
58,T,Switzerland,Basel,1545
71,A,Switzerland,Basel,1545
41,8,Switzerland,Basel,1546
49,B,Switzerland,Basel,1546
58,U,Switzerland,Basel,1546
49,6,Switzerland,Basel,1548
6,11.2,Switzerland,Basel,1550
16,2,Switzerland,Basel,1550
58,73.1,Switzerland,Basel,1550
58,74c,Switzerland,Basel,1550
58,101c,Switzerland,Basel,1550
58,106c,Switzerland,Basel,1550
58,111c,Switzerland,Basel,1550
58,115c,Switzerland,Basel,1550
58,121c,Switzerland,Basel,1550
58,131a,Switzerland,Basel,1550
58,135,Switzerland,Basel,1550
58,136,Switzerland,Basel,1550
58,137,Switzerland,Basel,1550
58,138,Switzerland,Basel,1550
58,139,Switzerland,Basel,1550
58,140,Switzerland,Basel,1550
58,141,Switzerland,Basel,1550
58,142,Switzerland,Basel,1550
58,143,Switzerland,Basel,1550
58,144,Switzerland,Basel,1550
58,145,Switzerland,Basel,1550
58,146,Switzerland,Basel,1550
58,147,Switzerland,Basel,1550
58,148,Switzerland,Basel,1550
58,149,Switzerland,Basel,1550
58,150,Switzerland,Basel,1550
58,151,Switzerland,Basel,1550
58,152,Switzerland,Basel,1550
58,153,Switzerland,Basel,1550
58,154,Switzerland,Basel,1550
58,155,Switzerland,Basel,1550
58,156,Switzerland,Basel,1550
58,157,Switzerland,Basel,1550
58,158,Switzerland,Basel,1550
58,159,Switzerland,Basel,1550
58,160,Switzerland,Basel,1550
58,161,Switzerland,Basel,1550
58,162,Switzerland,Basel,1550
58,163,Switzerland,Basel,1550
58,164,Switzerland,Basel,1550
58,165,Switzerland,Basel,1550
58,166,Switzerland,Basel,1550
58,167,Switzerland,Basel,1550
58,168,Switzerland,Basel,1550
58,169,Switzerland,Basel,1550
58,170,Switzerland,Basel,1550
58,171,Switzerland,Basel,1550
58,172,Switzerland,Basel,1550
58,173,Switzerland,Basel,1550
58,174,Switzerland,Basel,1550
58,175,Switzerland,Basel,1550
58,176,Switzerland,Basel,1550
58,177,Switzerland,Basel,1550
58,178,Switzerland,Basel,1550
58,179,Switzerland,Basel,1550
58,180,Switzerland,Basel,1550
58,181,Switzerland,Basel,1550
58,182,Switzerland,Basel,1550
58,183,Switzerland,Basel,1550
58,184,Switzerland,Basel,1550
58,185,Switzerland,Basel,1550
58,186,Switzerland,Basel,1550
58,187,Switzerland,Basel,1550
58,188,Switzerland,Basel,1550
71,1.3,Switzerland,Basel,1550
71,А.1,Switzerland,Basel,1550
40,4.5,Switzerland,Basel,1551
49,C,Switzerland,Basel,1551
58,W,Switzerland,Basel,1551
41,4.1,Switzerland,Basel,1552
53,1.1,Switzerland,Basel,1552
16,K,Switzerland,Basel,1553
24,D,Switzerland,Basel,1553
24,G,Switzerland,Basel,1553
33,M,Switzerland,Basel,1556
49,8,Switzerland,Basel,1556
49,E,Switzerland,Basel,1556
49,F,Switzerland,Basel,1557
82,C,Switzerland,Basel,1557
78,1.5,Switzerland,Basel,1560
78,A.1,Switzerland,Basel,1560
78,B.1,Switzerland,Basel,1560
41,A,Switzerland,Basel,1561
35,А,Switzerland,Basel,ca. 1562
35,1.1,Switzerland,Basel,ca. 1562
40,4.5,Switzerland,Basel,1563
40,4.6,Switzerland,Basel,1563
49,К,Switzerland,Basel,1564
40,4.5,Switzerland,Basel,1567
40,4.6,Switzerland,Basel,1567
53,1.5,Switzerland,Basel,1567
65,K,Switzerland,Basel,1568
35,1.2,Switzerland,Basel,1570
40,4.5,Switzerland,Basel,1571
40,4.6,Switzerland,Basel,1571
65,E,Switzerland,Basel,1574
65,M,Switzerland,Basel,1574
66,F,Switzerland,Basel,1575
49,8.1,Switzerland,Basel,1577
9,D.2,Switzerland,Basel,1580
29,8,Switzerland,Basel,1583
41,A,Switzerland,Basel,1583
41,A,Switzerland,Basel,1585
38,1.14,Switzerland,Basel,1588
71,1.11,Switzerland,Basel,1601
78,1.16,Switzerland,Basel,1614
56,17.10,Switzerland,Geneva,1595
58,47.1,Switzerland,Zurich,1534
73,1,Switzerland,Zurich,1538
41,5.1,Switzerland,Zurich,1546
41,6.1,Switzerland,Zurich,1546
41,7.1,Switzerland,Zurich,1546
41,8.1,Switzerland,Zurich,1546
41,9.1,Switzerland,Zurich,1546
41,10.1,Switzerland,Zurich,1546
41,11.1,Switzerland,Zurich,1546
41,12.1,Switzerland,Zurich,1546
41,13.1,Switzerland,Zurich,1546
41,14.1,Switzerland,Zurich,1546
41,15.1,Switzerland,Zurich,1546
41,16.1,Switzerland,Zurich,1546
41,17.1,Switzerland,Zurich,1546
41,18.1,Switzerland,Zurich,1546
41,19.1,Switzerland,Zurich,1546
41,20.1,Switzerland,Zurich,1546
41,12,Switzerland,Zurich,1546
41,B,Switzerland,Zurich,1548
73,3.2,Switzerland,Zurich,1548
73,4.2,Switzerland,Zurich,1548
73,5.2,Switzerland,Zurich,1548
73,6.2,Switzerland,Zurich,1548
73,7.2,Switzerland,Zurich,1548
73,8.2,Switzerland,Zurich,1548
73,9.2,Switzerland,Zurich,1548
73,10.2,Switzerland,Zurich,1548
73,11.2,Switzerland,Zurich,1548
73,12.2,Switzerland,Zurich,1548
73,13.2,Switzerland,Zurich,1548
73,14.2,Switzerland,Zurich,1548
73,B,Switzerland,Zurich,1548
73,01549,Switzerland,Zurich,1548
41,B,Switzerland,Zurich,1548
41,0,Switzerland,Zurich,1548
41,B,Switzerland,Zurich,1552
41,D,Switzerland,Zurich,1552
73,12,Switzerland,Zurich,1554
73,C.1,Switzerland,Zurich,1556
73,1,Switzerland,Zurich,1556
41,B,Switzerland,Zurich,1558
41,2,Switzerland,Zurich,1558
41,12,Switzerland,Zurich,1562
73,C.2,Switzerland,Zurich,1562
41,B,Switzerland,Zurich,1564
41,0,Switzerland,Zurich,1564
41,B,Switzerland,Zurich,1565
41,0,Switzerland,Zurich,1565
41,8,Switzerland,Zurich,1570
41,0,Switzerland,Zurich,1570
41,B,Switzerland,Zurich,1573
41,0,Switzerland,Zurich,1573
73,15:1574,Switzerland,Zurich,1573
73,C.3,Switzerland,Zurich,1573
41,B,Switzerland,Zurich,1578
41,12,Switzerland,Zurich,1578
41,B,Switzerland,Zurich,1581
41,0,Switzerland,Zurich,1581
41,B,Switzerland,Zurich,1583
41,D,Switzerland,Zurich,1583
41,D,Switzerland,Zurich,1586
73,B.1,Switzerland,Zurich,1586
41,8,Switzerland,Zurich,1590
41,D,Switzerland,Zurich,1590
41,B,Switzerland,Zurich,1597
41,12,Switzerland,Zurich,1597
41,D,Switzerland,Zurich,1602
41,D,Switzerland,Zurich,1606
73,B.2,Switzerland,Zurich,1606
84,C,USSR,Kaliningrad,1563
21,23,Yugoslavia,Izola,1524-26
21,24,Yugoslavia,Izola,1524-26
21,25,Yugoslavia,Izola,1524-26
21,26,Yugoslavia,Izola,1524-26
21,27,Yugoslavia,Izola,1524-26
21,28,Yugoslavia,Izola,1524-26
21,29,Yugoslavia,Izola,1524-26
21,30,Yugoslavia,Izola,1524-26
21,31,Yugoslavia,Izola,1524-26
21,32,Yugoslavia,Izola,1524-26
21,33,Yugoslavia,Izola,1524-26
21,34,Yugoslavia,Izola,1524-26
21,35,Yugoslavia,Izola,1524-26
21,36,Yugoslavia,Izola,1524-26
21,37,Yugoslavia,Izola,1524-26
